Familia,Genero,Especie ,Nombre completo ,,100_A.,100_B.,102_B.,201_A.,201_B.,204_A.,207_A.,230_A.,231_A.,232_A.,234_A.,tepalos,caliz,corola,301_B.,305_A.,311_A.,312_A.,313_A.,330_A.,331_A.,332_A.,400_A.,401_B.,403_A.,411_A.,500_A.,501_A.,502_A.
Arecaceae,Acrocomia,aculeata,Acrocomia aculeata,Acrocomia aculeata,unisexual,bisexual,Superior,present,one to five (1-5),fused (>5%),actinomorphic,spiral,two (2),trimerous,differentiated,0,3,3,one to five (1-5),typical (narrow),,dorsifixed,longitudinal slit,whorled,one (1),trimerous,whorled,three (3),fused (>5%),one (1),absent,N/A,N/A
Cannabaceae,Ampelocera,hottlei,Ampelocera hottlei,Ampelocera hottlei,unisexual,bisexual,,present,one to five (1-5),fused (>5%),actinomorphic,whorled,one (1),pentamerous,undifferentiated,0,0,5,,typical (narrow),,basifixed,,whorled,,,,,fused (>5%),,absent,N/A,N/A
Bignoniaceae ,Amphilophium,paniculatum,Amphilophium paniculatum,Amphilophium paniculatum,bisexual,bisexual,Superior,present,more than ten (>10),fused (>5%),zygomorphic,whorled,more than two (>2),pentamerous,differentiated,,,,one to five (1-5),typical (narrow),extrorse,dorsifixed,H-valvate,whorled,one (1),tetramerous,whorled,two (2),fused (>5%),three or more (>2),present,discoidal,
Fabaceae,Andira,galeottiana,Andira galeottiana,Andira galeottiana,bisexual,bisexual,superior,present,one to five (1-5),free (<5%),zygomorphic,whorled,two (2),pentamerous,differentiated,0,5,5,six to ten (6-10),typical (narrow),latrorse,,,whorled,one (1),N/A,whorled,one (1),N/A,three or more (>2),absent,N/A,N/A
Euphorbiaceae,Alchornea,latifolia,Aparisthmium cordatum,Aparisthmium cordatum,unisexual,unisexual,Superior,present,one to five (1-5),fused (>5%),actinomorphic,whorled,one (1),tetramerous,undifferentiated,0,0,0,six to ten (6-10),typical (narrow),,basifixed,,whorled,one (1),tetramerous,whorled,one (1),fused (>5%),one (1),absent,N/A,N/A
Malvaceae,Apeiba,tibourbou,Apeiba tibourbou,Apeiba tibourbou,bisexual,bisexual,Superior,present,one to five (1-5),free (<5%),actinomorphic,whorled,two (2),pentamerous,differentiated,0,5,5,more than ten (>10),typical (narrow),,dorsifixed,longitudinal slit,1,one (1),pentamerous,whorled,more than five (>5),fused (>5%),three or more (>2),absent,N/A,N/A
Cannabaceae,Aphananthe,monoica,Aphananthe monoica,Aphananthe monoica,unisexual,unisexual,Superior,present,one to five (1-5),fused (>5%),actinomorphic,whorled,one (1),pentamerous,undifferentiated,5,0,0,one to five (1-5),typical (narrow),,dorsifixed,longitudinal slit,whorled,,pentamerous,whorled,one (1),N/A,,absent,N/A,N/A
Apocynaceae,Aspidosperma,megalocarpon,Aspidosperma megalocarpon,Aspidosperma megalocarpon,unisexual,unisexual,Superior,present,more than ten (>10),fused (>5%),actinomorphic,whorled,two (2),pentamerous,differentiated,0,2,5,one to five (1-5),typical (narrow),,dorsifixed,longitudinal slit,whorled,one (1),pentamerous,whorled,two (2),fused (>5%),,absent,N/A,N/A
Anacardiaceae,Astronium,graveolens,Astronium graveolens,Astronium graveolens,unisexual,bisexual,Superior,present,six to ten (6-10),free (<5%),actinomorphic,whorled,two (2),pentamerous,differentiated,0,5,5,six to ten (6-10),typical (narrow),introrse,dorsifixed,longitudinal slit,whorled,one (1),pentamerous,whorled,three (3),fused (>5%),one (1),present,discoidal,intraestaminal
Anacardiaceae,Astronium,graveolens,Astronium graveolens,Astronium graveolens,unisexual,bisexual,N/A,present,six to ten (6-10),free (<5%),actinomorphic,whorled,two (2),pentamerous,differentiated,0,5,5,six to ten (6-10),typical (narrow),introrse,dorsifixed,longitudinal slit,whorled,one (1),pentamerous,N/A,N/A,N/A,N/A,present,discoidal,intraestaminal
Arecaceae,Attalea,butyracea,Attalea butyracea,Attalea butyracea,unisexual,unisexual,,present,one to five (1-5),free (<5%),actinomorphic,,one (1),trimerous,undifferentiated,0,,3,one to five (1-5),typical (narrow),,,,,,trimerous,whorled,three (3),fused (>5%),,absent,N/A,N/A
Acanthaceae ,Avicennia,germinans,Avicennia germinans,Avicennia germinans,bisexual,bisexual,Superior,present,six to ten (6-10),fused (>5%),zygomorphic,whorled,two (2),pentamerous,differentiated,0,4,4,one to five (1-5),typical (narrow),extrorse,basifixed,longitudinal slit,whorled,one (1),tetramerous,whorled,one (1),N/A,three or more (>2),present,,
Acanthaceae ,Avicennia,germinans,Avicennia germinans,Avicennia germinans,bisexual,bisexual,Superior,present,six to ten (6-10),fused (>5%),zygomorphic,whorled,two (2),pentamerous,differentiated,0,5,4,one to five (1-5),typical (narrow),extrorse,basifixed,longitudinal slit,whorled,one (1),tetramerous,whorled,one (1),N/A,three or more (>2),present,,
Acanthaceae ,Avicennia,germinans,Avicennia germinans,Avicennia germinans,bisexual,bisexual,Superior,present,six to ten (6-10),fused (>5%),zygomorphic,whorled,two (2),pentamerous,differentiated,0,6,4,one to five (1-5),typical (narrow),extrorse,basifixed,longitudinal slit,whorled,one (1),tetramerous,whorled,one (1),N/A,three or more (>2),present,,
Malvaceae,Bernoullia,flammea,Bernoullia flammea,Bernoullia flammea,bisexual,bisexual,Superior,present,more than ten (>10),free (<5%),actinomorphic,whorled,two (2),pentamerous,differentiated,0,5,5,more than ten (>10),typical (narrow),,,,whorled,,,whorled,,free (<5%),,present,,extraestaminal
Arecaceae,Brahea,calcarea,Brahea calcarea,Brahea calcarea,bisexual,bisexual,Superior,present,six to ten (6-10),fused (>5%),actinomorphic,whorled,one (1),trimerous,differentiated,0,3,3,six to ten (6-10),typical (narrow),,dorsifixed,longitudinal slit,spiral,N/A,trimerous,whorled,three (3),fused (>5%),,absent,N/A,N/A
Moraceae,Brosimum,alicastrum,Brosimum alicastrum,Brosimum alicastrum,unisexual,unisexual,inferior,absent,N/A,N/A,N/A,N/A,N/A,N/A,N/A,0,0,0,N/A,N/A,N/A,N/A,N/A,N/A,N/A,N/A,whorled,one (1),fused (>5%),one (1),absent,N/A,N/A
Moraceae,Brosimum,alicastrum,Brosimum alicastrum,Brosimum alicastrum,unisexual,unisexual,N/A,absent,N/A,N/A,N/A,N/A,N/A,N/A,N/A,0,0,0,one to five (1-5),typical (narrow),introrse,dorsifixed,,whorled,one (1),,N/A,N/A,N/A,N/A,absent,N/A,N/A
Malpighiaceae,Bunchosia,lindeniana,Bunchosia lindeniana,Bunchosia lindeniana,bisexual,bisexual,superior,present,six to ten (6-10),free (<5%),zygomorphic,whorled,two (2),pentamerous,differentiated,0,,5,six to ten (6-10),typical (narrow),introrse,,longitudinal slit,,,,whorled,two (2),fused (>5%),,absent,N/A,N/A
Burseraceae ,Bursera,simaruba,Bursera simaruba,Bursera simaruba,unisexual,unisexual,N/A,present,one to five (1-5),free (<5%),actinomorphic,whorled,one (1),pentamerous,undifferentiated,0,4,4,more than ten (>10),typical (narrow),introrse,basifixed,longitudinal slit,whorled,one (1),pentamerous,N/A,N/A,N/A,N/A,present,discoidal,
Burseraceae ,Bursera,simaruba,Bursera simaruba,Bursera simaruba,unisexual,unisexual,N/A,present,one to five (1-5),free (<5%),actinomorphic,whorled,one (1),pentamerous,undifferentiated,0,5,5,,,,,,,,,,,,,,,
Burseraceae ,Bursera,simaruba,Bursera simaruba,Bursera simaruba,unisexual,unisexual,inferior,absent,N/A,N/A,N/A,N/A,N/A,N/A,N/A,0,0,0,six to ten (6-10),typical (narrow),introrse,basifixed,longitudinal slit,whorled,one (1),tetramerous,whorled,three (3),fused (>5%),two (2),absent,N/A,N/A
Malpighiaceae,Byrsonima,cinerea,Byrsonima cinerea,Byrsonima cinerea,bisexual,bisexual,superior,present,six to ten (6-10),fused (>5%),actinomorphic,whorled,two (2),tetramerous,differentiated,0,0,0,six to ten (6-10),typical (narrow),introrse,basifixed,longitudinal slit,,,,whorled,three (3),fused (>5%),,absent,N/A,N/A
Icacinaceae,Calatola,laevigata,Calatola laevigata,Calatola laevigata,unisexual,unisexual,,present,six to ten (6-10),fused (>5%),actinomorphic,whorled,two (2),tetramerous,differentiated,0,4,4,,typical (narrow),,,,whorled,,,N/A,N/A,N/A,N/A,absent,N/A,N/A
Icacinaceae,Calatola,laevigata,Calatola laevigata,Calatola laevigata,unisexual,unisexual,N/A,present,six to ten (6-10),fused (>5%),actinomorphic,whorled,two (2),tetramerous,differentiated,0,5,4,N/A,N/A,N/A,N/A,N/A,N/A,N/A,N/A,whorled,one (1),,,absent,N/A,N/A
Icacinaceae,Calatola,laevigata,Calatola laevigata,Calatola laevigata,unisexual,unisexual,N/A,present,six to ten (6-10),fused (>5%),actinomorphic,whorled,two (2),tetramerous,differentiated,0,5,4,N/A,N/A,N/A,N/A,N/A,N/A,N/A,N/A,whorled,one (1),,,absent,N/A,N/A
Calophyllaceae ,Calophyllum,brasiliense,Calophyllum brasiliense,Calophyllum brasiliense,unisexual,unisexual,,present,N/A,N/A,actinomorphic,whorled,one (1),tetramerous,undifferentiated,4,0,0,more than ten (>10),typical (narrow),,,,whorled,one (1),,,,,,absent,N/A,N/A
Calophyllaceae ,Calophyllum,brasiliense,Calophyllum brasiliense,Calophyllum brasiliense,unisexual,bisexual,superior,present,N/A,N/A,actinomorphic,whorled,one (1),tetramerous,undifferentiated,4,0,0,six to ten (6-10),,,,,whorled,one (1),,whorled,one (1),,,absent,N/A,N/A
Calophyllaceae ,Calophyllum,brasiliense,Calophyllum brasiliense,Calophyllum brasiliense,unisexual,unisexual,,present,six to ten (6-10),fused (>5%),actinomorphic,whorled,two (2),tetramerous,differentiated,0,4,4,,typical (narrow),,,,whorled,,,N/A,N/A,N/A,N/A,absent,N/A,N/A
Rubiaceae,Calycophyllum,candidissimum,Calatola laevigata,Calycophyllum candidissimum,bisexual,bisexual,inferior,present,more than ten (>10),fused (>5%),actinomorphic,whorled,one (1),pentamerous,differentiated,0,0,4,one to five (1-5),typical (narrow),,,,whorled,one (1),pentamerous,whorled,two (2),fused (>5%),three or more (>2),absent,N/A,N/A
Rubiaceae,Calycophyllum,candidissimum,Calycophyllum candidissimum,Calycophyllum candidissimum,bisexual,bisexual,inferior,present,more than ten (>10),fused (>5%),actinomorphic,whorled,one (1),pentamerous,differentiated,0,0,5,one to five (1-5),typical (narrow),,,,whorled,one (1),pentamerous,whorled,two (2),fused (>5%),three or more (>2),absent,N/A,N/A
Betulaceae,Carpinus,caroliniana,Carpinus caroliniana,Carpinus caroliniana,unisexual,unisexual,inferior,absent,N/A,N/A,N/A,N/A,N/A,N/A,N/A,0,0,0,N/A,N/A,N/A,N/A,N/A,N/A,N/A,N/A,whorled,two (2),fused (>5%),one (1),absent,N/A,N/A
Betulaceae,Carpinus,caroliniana,Carpinus caroliniana,Carpinus caroliniana,unisexual,unisexual,N/A,present,,fused (>5%),actinomorphic,,,,undifferentiated,0,1,0,six to ten (6-10),typical (narrow),,dorsifixed,longitudinal slit,,,N/A,N/A,N/A,N/A,N/A,absent,N/A,N/A
Moraceae,Castilla,elastica,Castilla elastica,Castilla elastica,unisexual,unisexual,inferior,present,one to five (1-5),fused (>5%),actinomorphic,spiral,one (1),pentamerous,undifferentiated,0,,0,N/A,N/A,N/A,N/A,N/A,N/A,N/A,N/A,spiral,one (1),fused (>5%),,absent,N/A,N/A
Moraceae,Castilla,elastica,Castilla elastica,Castilla elastica,unisexual,unisexual,N/A,absent,N/A,N/A,N/A,N/A,N/A,N/A,N/A,0,0,0,one to five (1-5),typical (narrow),introrse,dorsifixed,longitudinal slit,,,trimerous,N/A,N/A,N/A,N/A,absent,N/A,N/A
Urticaceae,Cecropia,obtusifolia,Cecropia obtusifolia,Cecropia obtusifolia,unisexual,unisexual,superior,present,one to five (1-5),fused (>5%),actinomorphic,whorled,one (1),dimerous,undifferentiated,0,2,0,N/A,N/A,N/A,N/A,N/A,N/A,N/A,,whorled,one (1),N/A,one (1),absent,N/A,N/A
Urticaceae,Cecropia,obtusifolia,Cecropia obtusifolia,Cecropia obtusifolia,unisexual,unisexual,N/A,absent,N/A,N/A,N/A,N/A,N/A,N/A,N/A,0,0,0,one to five (1-5),typical (narrow),,basifixed,longitudinal slit,whorled,one (1),,N/A,N/A,N/A,N/A,absent,N/A,N/A
Meliaceae,Cedrela,odorata,Cedrela odorata,Cedrela odorata,unisexual,bisexual,superior,present,six to ten (6-10),fused (>5%),actinomorphic,whorled,two (2),pentamerous,differentiated,0,1,5,one to five (1-5),typical (narrow),introrse,dorsifixed,longitudinal slit,whorled,one (1),pentamerous,whorled,four or five (4-5),fused (>5%),three or more (>2),absent,N/A,N/A
Malvaceae,Ceiba,pentandra,Ceiba pentandra,Ceiba pentandra,bisexual,bisexual,inferior,present,more than ten (>10),fused (>5%),actinomorphic,whorled,two (2),pentamerous,differentiated,0,5,5,more than ten (>10),typical (narrow),,,,,,,whorled,four or five (4-5),fused (>5%),three or more (>2),absent,N/A,N/A
Arecaceae,Chamaedorea,plumosa,Chamaedorea plumosa,Chamaedorea plumosa,unisexual,unisexual,,present,six to ten (6-10),free (<5%),actinomorphic,whorled,one (1),trimerous,differentiated,0,3,3,N/A,N/A,N/A,N/A,N/A,N/A,N/A,N/A,whorled,three (3),fused (>5%),,absent,N/A,N/A
Arecaceae,Chamaedorea,plumosa,Chamaedorea plumosa,Chamaedorea plumosa,unisexual,unisexual,N/A,present,six to ten (6-10),free (<5%),actinomorphic,whorled,one (1),trimerous,differentiated,0,3,3,six to ten (6-10),typical (narrow),,dorsifixed,,whorled,one (1),trimerous,N/A,N/A,N/A,N/A,absent,N/A,N/A
Sapotaceae,Chrysophyllum,mexicanum,Chrysophyllum mexicanum,Chrysophyllum mexicanum,bisexual,bisexual,superior,present,six to ten (6-10),free (<5%),actinomorphic,whorled,two (2),pentamerous,differentiated,0,5,4,one to five (1-5),typical (narrow),,,,whorled,one (1),pentamerous,whorled,four or five (4-5),fused (>5%),one (1),present,glandular,intraestaminal
Sapotaceae,Chrysophyllum,mexicanum,Chrysophyllum mexicanum,Chrysophyllum mexicanum,bisexual,bisexual,superior,present,six to ten (6-10),free (<5%),actinomorphic,whorled,two (2),pentamerous,differentiated,0,5,5,one to five (1-5),typical (narrow),,,,whorled,one (1),pentamerous,whorled,four or five (4-5),fused (>5%),one (1),present,glandular,intraestaminal
Clethraceae,Clethra,macrophylla,Clethra macrophylla,Clethra macrophylla,bisexual,bisexual,superior,present,more than ten (>10),free (<5%),actinomorphic,whorled,two (2),pentamerous,differentiated,0,5,5,more than ten (>10),typical (narrow),extrorse,dorsifixed,longitudinal slit,whorled,two (2),N/A,whorled,three (3),fused (>5%),three or more (>2),absent,N/A,N/A
Euphorbiaceae ,Cnidoscolus,aconitifolius,Cnidoscolus aconitifolius,Cnidoscolus aconitifolius,unisexual,bisexual,superior,present,one to five (1-5),free (<5%),actinomorphic,whorled,one (1),tetramerous,undifferentiated,0,4,5,one to five (1-5),typical (narrow),,,,whorled,more than two (>2),N/A,whorled,four or five (4-5),fused (>5%),one (1),present,discoidal,extraestaminal
Euphorbiaceae,Cnidoscolus,multilobus,Cnidoscolus multilobus,Cnidoscolus multilobus,unisexual,unisexual,superior,present,one to five (1-5),fused (>5%),actinomorphic,whorled,one (1),pentamerous,undifferentiated,5,0,0,N/A,N/A,N/A,N/A,N/A,N/A,N/A,N/A,whorled,three (3),free (<5%),one (1),present,glandular,intraestaminal
Euphorbiaceae,Cnidoscolus,multilobus,Cnidoscolus multilobus,Cnidoscolus multilobus,unisexual,unisexual,N/A,present,one to five (1-5),fused (>5%),actinomorphic,whorled,one (1),pentamerous,undifferentiated,5,0,0,more than ten (>10),typical (narrow),extrorse,dorsifixed,longitudinal slit,whorled,more than two (>2),dimerous,N/A,N/A,N/A,N/A,present,glandular,intraestaminal
Polygonaceae,Coccoloba,barbadensis,Coccoloba barbadensis,Coccoloba barbadensis,unisexual,bisexual,superior,present,one to five (1-5),fused (>5%),actinomorphic,whorled,one (1),pentamerous,undifferentiated,5,0,0,six to ten (6-10),typical (narrow),extrorse,dorsifixed,longitudinal slit,whorled,one (1),tetramerous,whorled,three (3),fused (>5%),,absent,N/A,N/A
Fabaceae,Cojoba,arborea,Cojoba arborea,Cojoba arborea,bisexual,bisexual,superior,present,more than ten (>10),fused (>5%),actinomorphic,whorled,two (2),pentamerous,differentiated,0,5,5,more than ten (>10),typical (narrow),,,,,,,whorled,one (1),N/A,three or more (>2),present,glandular,intraestaminal
Boraginaceae,Cordia,alliodora,Cordia alliodora,Cordia alliodora,bisexual,bisexual,superior,present,more than ten (>10),fused (>5%),actinomorphic,whorled,two (2),pentamerous,differentiated,0,5,5,one to five (1-5),typical (narrow),latrorse,dorsifixed,longitudinal slit,whorled,one (1),pentamerous,whorled,two (2),fused (>5%),,absent,N/A,N/A
Boraginaceae,Cordia,dodecandra,Cordia dodecandra,Cordia dodecandra,bisexual,bisexual,inferior,present,six to ten (6-10),free (<5%),actinomorphic,whorled,two (2),pentamerous,differentiated,0,5,5,one to five (1-5),typical (narrow),introrse,dorsifixed,longitudinal slit,whorled,one (1),pentamerous,whorled,four or five (4-5),fused (>5%),one (1),present,,
Boraginaceae,Cordia,megalantha,Cordia megalantha,Cordia megalantha,bisexual,bisexual,superior,present,more than ten (>10),fused (>5%),actinomorphic,whorled,two (2),pentamerous,differentiated,0,5,5,one to five (1-5),typical (narrow),,,,whorled,one (1),pentamerous,whorled,,fused (>5%),,absent,N/A,N/A
Chrysobalanaceae,Couepia,polyandra,Couepia polyandra,Couepia polyandra,bisexual,bisexual,superior,present,,fused (>5%),actinomorphic,whorled,two (2),pentamerous,differentiated,0,5,5,more than ten (>10),typical (narrow),,,,whorled,one (1),N/A,whorled,one (1),fused (>5%),,absent,N/A,N/A
Chrysobalanaceae,Couepia,polyandra,Couepia polyandra,Couepia polyandra,bisexual,bisexual,superior,present,,fused (>5%),actinomorphic,whorled,two (2),pentamerous,differentiated,0,4,4,more than ten (>10),typical (narrow),,,,whorled,one (1),N/A,whorled,one (1),fused (>5%),,absent,N/A,N/A
Capparaceae,Crateva,tapia,Crateva tapia,Crateva tapia,bisexual,bisexual,superior,present,six to ten (6-10),free (<5%),actinomorphic,whorled,two (2),pentamerous,differentiated,0,4,4,more than ten (>10),typical (narrow),,,,whorled,one (1),N/A,whorled,one (1),N/A,,absent,N/A,N/A
Bignoniaceae,Crescentia,cujete,Crescentia cujete,Crescentia cujete,bisexual,bisexual,superior,present,six to ten (6-10),fused (>5%),zygomorphic,whorled,two (2),trimerous,differentiated,0,2,5,one to five (1-5),typical (narrow),introrse,basifixed,longitudinal slit,whorled,two (2),trimerous,whorled,four or five (4-5),fused (>5%),three or more (>2),present,discoidal,intraestaminal
Euphorbiaceae,Croton,draco,Croton draco,Croton draco,unisexual,unisexual,N/A,present,six to ten (6-10),free (<5%),actinomorphic,whorled,two (2),pentamerous,differentiated,0,5,5,more than ten (>10),typical (narrow),extrorse,,,whorled,more than two (>2),N/A,N/A,N/A,N/A,N/A,present,glandular,interestaminal
Euphorbiaceae,Croton,draco,Croton draco,Croton draco,unisexual,bisexual,superior,present,six to ten (6-10),free (<5%),actinomorphic,whorled,two (2),pentamerous,differentiated,0,5,5,one to five (1-5),typical (narrow),extrorse,,,,one (1),pentamerous,whorled,three (3),fused (>5%),one (1),present,glandular,interestaminal
Euphorbiaceae,Croton,schiedeanus,Croton schiedeanus,Croton schiedeanus,unisexual,unisexual,superior,present,six to ten (6-10),free (<5%),actinomorphic,whorled,two (2),pentamerous,differentiated,0,5,5,N/A,N/A,N/A,N/A,N/A,N/A,N/A,N/A,whorled,three (3),fused (>5%),one (1),present,,extraestaminal
Euphorbiaceae,Croton,schiedeanus,Croton schiedeanus,Croton schiedeanus,unisexual,unisexual,N/A,present,six to ten (6-10),free (<5%),actinomorphic,whorled,two (2),pentamerous,differentiated,0,5,5,six to ten (6-10),typical (narrow),introrse,basifixed,longitudinal slit,whorled,two (2),pentamerous,N/A,N/A,N/A,N/A,present,,extraestaminal
Sapindaceae,Cupania,dentata,Cupania dentata,Cupania dentata,unisexual,unisexual,superior,present,six to ten (6-10),free (<5%),actinomorphic,whorled,two (2),pentamerous,differentiated,0,5,5,N/A,N/A,N/A,N/A,N/A,N/A,N/A,N/A,whorled,three (3),fused (>5%),one (1),present,discoidal,intraestaminal
Sapindaceae,Cupania,dentata,Cupania dentata,Cupania dentata,unisexual,unisexual,N/A,present,six to ten (6-10),free (<5%),actinomorphic,whorled,two (2),pentamerous,differentiated,0,5,5,six to ten (6-10),typical (narrow),introrse,dorsifixed,longitudinal slit,whorled,one (1),,N/A,N/A,N/A,N/A,present,discoidal,intraestaminal
Fabaceae,Cynometra,retusa,Cynometra retusa,Cynometra retusa,bisexual,bisexual,Superior,present,six to ten (6-10),fused (>5%),actinomorphic,whorled,two (2),pentamerous,differentiated,0,4,5,six to ten (6-10),typical (narrow),,dorsifixed,longitudinal slit,whorled,one (1),pentamerous,whorled,one (1),N/A,one (1),absent,N/A,N/A
Fabaceae,Cynometra,retusa,Cynometra retusa,Cynometra retusa,bisexual,bisexual,Superior,present,six to ten (6-10),fused (>5%),actinomorphic,whorled,two (2),pentamerous,differentiated,0,5,5,six to ten (6-10),typical (narrow),,dorsifixed,longitudinal slit,whorled,one (1),pentamerous,whorled,one (1),N/A,one (1),absent,N/A,N/A
Fabaceae,Dalbergia,glomerata,Dalbergia glomerata,Dalbergia glomerata,bisexual,bisexual,Superior,present,six to ten (6-10),fused (>5%),zygomorphic,whorled,two (2),pentamerous,differentiated,0,5,5,six to ten (6-10),typical (narrow),extrorse,basifixed,longitudinal slit,whorled,one (1),dimerous,whorled,one (1),N/A,one (1),absent,N/A,N/A
Thymelaeaceae,Daphnopsis,americana,Daphnopsis americana,Daphnopsis americana,bisexual,bisexual,Superior,present,six to ten (6-10),fused (>5%),zygomorphic,whorled,two (2),tetramerous,differentiated,0,4,4,six to ten (6-10),typical (narrow),extrorse,basifixed,longitudinal slit,whorled,one (1),dimerous,whorled,one (1),N/A,one (1),absent,N/A,N/A
Primulaceae,Deherainia,smaragdina,Deherainia smaragdina,Deherainia smaragdina,bisexual,bisexual,Superior,present,six to ten (6-10),fused (>5%),actinomorphic,whorled,two (2),pentamerous,differentiated,0,5,5,one to five (1-5),typical (narrow),extrorse,basifixed,longitudinal slit,whorled,one (1),pentamerous,whorled,one (1),N/A,three or more (>2),absent,N/A,N/A
Araliaceae,Dendropanax,arboreus,Dendropanax arboreus,Dendropanax arboreus,bisexual,bisexual,inferior,present,one to five (1-5),fused (>5%),actinomorphic,whorled,two (2),pentamerous,differentiated,0,5,5,one to five (1-5),typical (narrow),extrorse,dorsifixed,longitudinal slit,whorled,one (1),pentamerous,whorled,four or five (4-5),fused (>5%),one (1),present,discoidal,intraestaminal
Araliaceae,Dendropanax,arboreus,Dendropanax arboreus,Dendropanax arboreus,bisexual,bisexual,inferior,present,one to five (1-5),fused (>5%),actinomorphic,whorled,two (2),pentamerous,differentiated,0,6,6,one to five (1-5),typical (narrow),extrorse,dorsifixed,longitudinal slit,whorled,one (1),pentamerous,whorled,four or five (4-5),fused (>5%),one (1),present,discoidal,intraestaminal
Fabaceae,Dialium,guianense,Dialium guianense,Dialium guianense,bisexual,bisexual,inferior,present,one to five (1-5),fused (>5%),zygomorphic,whorled,one (1),pentamerous,undifferentiated,5,0,0,one to five (1-5),typical (narrow),latrorse,basifixed,H-valvate,whorled,one (1),dimerous,whorled,one (1),N/A,one (1),present,discoidal,intraestaminal
Ebenaceae,Diospyros,nigra,Diospyros nigra,Diospyros nigra,unisexual,unisexual,Superior,present,six to ten (6-10),fused (>5%),actinomorphic,whorled,two (2),tetramerous,differentiated,0,5,5,N/A,N/A,N/A,N/A,N/A,N/A,N/A,N/A,whorled,four or five (4-5),fused (>5%),one (1),absent,N/A,N/A
Ebenaceae,Diospyros,nigra,Diospyros nigra,Diospyros nigra,unisexual,unisexual,N/A,present,six to ten (6-10),fused (>5%),actinomorphic,whorled,two (2),tetramerous,differentiated,0,4,4,more than ten (>10),typical (narrow),,,,whorled,one (1),,N/A,N/A,N/A,N/A,absent,N/A,N/A
Fabaceae,Dussia,mexicana,Dussia mexicana,Dussia mexicana,bisexual,bisexual,Superior,present,six to ten (6-10),fused (>5%),zygomorphic,whorled,two (2),pentamerous,differentiated,0,5,5,six to ten (6-10),typical (narrow),,dorsifixed,,whorled,one (1),,whorled,one (1),N/A,one (1),absent,N/A,N/A
Fabaceae,Enterolobium,cyclocarpum,Enterolobium cyclocarpum,Enterolobium cyclocarpum,bisexual,bisexual,Superior,present,six to ten (6-10),fused (>5%),actinomorphic,whorled,two (2),pentamerous,differentiated,0,6,5,more than ten (>10),typical (narrow),,,,whorled,one (1),N/A,whorled,one (1),N/A,three or more (>2),absent,N/A,N/A
Fabaceae,Enterolobium,cyclocarpum,Enterolobium cyclocarpum,Enterolobium cyclocarpum,bisexual,bisexual,Superior,present,six to ten (6-10),fused (>5%),actinomorphic,whorled,two (2),pentamerous,differentiated,0,5,5,more than ten (>10),typical (narrow),,,,whorled,one (1),N/A,whorled,one (1),N/A,three or more (>2),absent,N/A,N/A
Fabaceae,Enterolobium,cyclocarpum,Enterolobium cyclocarpum,Enterolobium cyclocarpum,bisexual,bisexual,superior,present,six to ten (6-10),fused (>5%),actinomorphic,whorled,two (2),pentamerous,differentiated,0,5,5,more than ten (>10),typical (narrow),,dorsifixed,,whorled,more than two (>2),N/A,whorled,one (1),N/A,three or more (>2),absent,N/A,N/A
Fabaceae,Erythrina,folkersii,Erythrina folkersii,Erythrina folkersii,bisexual,bisexual,inferior,present,more than ten (>10),fused (>5%),zygomorphic,whorled,two (2),N/A,differentiated,0,2,5,more than ten (>10),typical (narrow),,,,,,N/A,whorled,one (1),N/A,one (1),absent,N/A,N/A
Rutaceae,Esenbeckia,pentaphylla,Esenbeckia pentaphylla,Esenbeckia pentaphylla,bisexual,bisexual,Superior,present,six to ten (6-10),free (<5%),actinomorphic,whorled,two (2),pentamerous,differentiated,0,5,5,one to five (1-5),typical (narrow),introrse,dorsifixed,longitudinal slit,whorled,one (1),pentamerous,whorled,four or five (4-5),fused (>5%),one (1),present,discoidal,interestaminal
Myrtaceae,Eugenia,acapulcensis,Eugenia acapulcensis,Eugenia acapulcensis,bisexual,bisexual,inferior,present,six to ten (6-10),free (<5%),actinomorphic,whorled,two (2),tetramerous,differentiated,0,4,4,more than ten (>10),typical (narrow),,dorsifixed,longitudinal slit,whorled,one (1),N/A,whorled,two (2),fused (>5%),three or more (>2),present,discoidal,interestaminal
Myrtaceae,Eugenia,capuli,Eugenia capuli,Eugenia capuli,bisexual,bisexual,superior,present,more than ten (>10),fused (>5%),actinomorphic,whorled,two (2),tetramerous,differentiated,0,4,4,more than ten (>10),typical (narrow),,basifixed,longitudinal slit,whorled,N/A,N/A,whorled,two (2),fused (>5%),three or more (>2),present,,
Moraceae,Ficus,aurea,Ficus aurea,Ficus aurea,unisexual,unisexual,superior,absent,N/A,nn,N/A,N/A,N/A,N/A,N/A,0,0,0,N/A,N/A,N/A,N/A,N/A,N/A,N/A,N/A,whorled,one (1),N/A,,absent,N/A,N/A
Moraceae,Ficus,aurea,Ficus aurea,Ficus aurea,unisexual,unisexual,N/A,present,one to five (1-5),fused (>5%),actinomorphic,,,dimerous,undifferentiated,0,0,2,one to five (1-5),typical (narrow),introrse,basifixed,longitudinal slit,,,dimerous,N/A,N/A,N/A,N/A,absent,N/A,N/A
Moraceae,Ficus,aurea,Ficus aurea,Ficus aurea,unisexual,unisexual,N/A,present,one to five (1-5),fused (>5%),actinomorphic,,,dimerous,undifferentiated,0,0,3,one to five (1-5),typical (narrow),introrse,basifixed,longitudinal slit,,,dimerous,N/A,N/A,N/A,N/A,absent,N/A,N/A
Moraceae,Ficus,cotinifolia,Ficus cotinifolia,Ficus cotinifolia,unisexual,unisexual,,absent,N/A,N/A,N/A,N/A,N/A,N/A,N/A,0,0,0,N/A,N/A,N/A,N/A,N/A,N/A,N/A,N/A,whorled,one (1),N/A,one (1),absent,N/A,N/A
Moraceae,Ficus,cotinifolia,Ficus cotinifolia,Ficus cotinifolia,unisexual,unisexual,,absent,N/A,N/A,N/A,N/A,N/A,N/A,N/A,0,0,0,one to five (1-5),N/A,N/A,,N/A,whorled,one (1),N/A,N/A,N/A,N/A,N/A,absent,N/A,N/A
Moraceae,Ficus,insipida,Ficus insipida,Ficus insipida,unisexual,unisexual,inferior,present,one to five (1-5),fused (>5%),actinomorphic,whorled,one (1),tetramerous,undifferentiated,0,5,0,N/A,N/A,N/A,N/A,N/A,N/A,N/A,N/A,whorled,one (1),N/A,,absent,N/A,N/A
Moraceae,Ficus,insipida,Ficus insipida,Ficus insipida,unisexual,unisexual,inferior,present,one to five (1-5),fused (>5%),actinomorphic,whorled,one (1),tetramerous,undifferentiated,0,5,0,one to five (1-5),,introrse,basifixed,longitudinal slit,whorled,,dimerous,N/A,N/A,N/A,N/A,absent,N/A,N/A
Moraceae,Ficus,insipida,Ficus insipida,Ficus insipida,unisexual,unisexual,inferior,present,one to five (1-5),fused (>5%),actinomorphic,whorled,one (1),tetramerous,undifferentiated,0,4,0,N/A,N/A,N/A,N/A,N/A,N/A,N/A,N/A,whorled,one (1),N/A,,absent,N/A,N/A
Moraceae,Ficus,insipida,Ficus insipida,Ficus insipida,unisexual,unisexual,inferior,present,one to five (1-5),fused (>5%),actinomorphic,whorled,one (1),tetramerous,undifferentiated,0,4,0,one to five (1-5),,introrse,basifixed,longitudinal slit,whorled,,dimerous,N/A,N/A,N/A,N/A,absent,N/A,N/A
Pentaphylacaceae,Freziera,guatemalensis,Freziera guatemalensis,Freziera guatemalensis,bisexual,bisexual,superior,present,more than ten (>10),free (<5%),actinomorphic,whorled,more than two (>2),dimerous,differentiated,0,5,5,more than ten (>10),typical (narrow),,basifixed,,N/A,N/A,N/A,whorled,four or five (4-5),fused (>5%),,absent,N/A,N/A
Clusiaceae,Garcinia,intermedia,Garcinia intermedia,Garcinia intermedia,unisexual,bisexual,Superior,present,six to ten (6-10),fused (>5%),actinomorphic,whorled,two (2),tetramerous,differentiated,0,2,4,more than ten (>10),,extrorse,dorsifixed,longitudinal slit,whorled,,N/A,whorled,four or five (4-5),fused (>5%),one (1),absent,N/A,N/A
Clusiaceae,Garcinia,intermedia,Garcinia intermedia,Garcinia intermedia,unisexual,bisexual,N/A,present,six to ten (6-10),fused (>5%),actinomorphic,whorled,two (2),tetramerous,differentiated,0,2,4,more than ten (>10),,extrorse,dorsifixed,longitudinal slit,whorled,,N/A,whorled,four or five (4-5),fused (>5%),one (1),absent,N/A,N/A
Rubiaceae,Genipa,americana,Genipa americana,Genipa americana,unisexual,bisexual,inferior,present,more than ten (>10),fused (>5%),actinomorphic,whorled,two (2),pentamerous,differentiated,0,,6,one to five (1-5),typical (narrow),introrse,basifixed,longitudinal slit,whorled,one (1),pentamerous,whorled,one (1),N/A,three or more (>2),absent,N/A,N/A
Rubiaceae,Genipa,americana,Genipa americana,Genipa americana,unisexual,bisexual,inferior,present,more than ten (>10),fused (>5%),actinomorphic,whorled,two (2),pentamerous,differentiated,0,,5,one to five (1-5),typical (narrow),introrse,basifixed,longitudinal slit,whorled,one (1),pentamerous,whorled,one (1),N/A,three or more (>2),absent,N/A,N/A
Fabaceae,Gliricidia,sepium,Gliricidia sepium,Gliricidia sepium,bisexual,bisexual,superior,present,one to five (1-5),fused (>5%),zygomorphic,whorled,two (2),dimerous,differentiated,0,1,2,six to ten (6-10),typical (narrow),introrse,dorsifixed,longitudinal slit,whorled,one (1),pentamerous,whorled,one (1),N/A,three or more (>2),absent,N/A,N/A
Meliaceae,Guarea,glabra,Guarea glabra,Guarea glabra,unisexual,unisexual,superior,present,more than ten (>10),free (<5%),actinomorphic,whorled,two (2),tetramerous,differentiated,0,4,4,N/A,N/A,N/A,N/A,N/A,N/A,N/A,N/A,whorled,four or five (4-5),fused (>5%),one (1),present,glandular,intraestaminal
Meliaceae,Guarea,glabra,Guarea glabra,Guarea glabra,unisexual,unisexual,N/A,present,more than ten (>10),free (<5%),actinomorphic,whorled,two (2),tetramerous,differentiated,0,4,4,six to ten (6-10),typical (narrow),,dorsifixed,,whorled,one (1),tetramerous,N/A,N/A,N/A,N/A,present,glandular,intraestaminal
Meliaceae,Guarea,guidonia,Guarea guidonia,Guarea guidonia,unisexual,bisexual,superior,present,six to ten (6-10),free (<5%),actinomorphic,whorled,two (2),tetramerous,differentiated,0,4,4,six to ten (6-10),typical (narrow),introrse,,,whorled,one (1),tetramerous,whorled,four or five (4-5),fused (>5%),one (1),present,discoidal,intraestaminal
Meliaceae,Guarea,guidonia,Guarea guidonia,Guarea guidonia,unisexual,bisexual,superior,present,six to ten (6-10),free (<5%),actinomorphic,whorled,two (2),tetramerous,differentiated,0,5,4,six to ten (6-10),typical (narrow),introrse,,,whorled,one (1),tetramerous,whorled,four or five (4-5),fused (>5%),one (1),present,discoidal,intraestaminal
Annonaceae,Guatteria,grandiflora,Guatteria grandiflora,Guatteria grandiflora,bisexual,bisexual,superior,present,six to ten (6-10),free (<5%),actinomorphic,whorled,more than two (>2),trimerous,differentiated,0,3,6,more than ten (>10),laminar (wide),extrorse,,longitudinal slit,spiral,N/A,N/A,spiral,more than five (>5),free (<5%),one (1),absent,N/A,N/A
Malvaceae,Guazuma,ulmifolia,Guazuma ulmifolia,Guazuma ulmifolia,bisexual,bisexual,superior,present,six to ten (6-10),free (<5%),actinomorphic,whorled,two (2),pentamerous,differentiated,0,2,5,more than ten (>10),typical (narrow),,,,whorled,more than two (>2),N/A,whorled,four or five (4-5),fused (>5%),three or more (>2),absent,N/A,N/A
Malvaceae,Guazuma,ulmifolia,Guazuma ulmifolia,Guazuma ulmifolia,bisexual,bisexual,superior,present,six to ten (6-10),free (<5%),actinomorphic,whorled,two (2),pentamerous,differentiated,0,3,5,more than ten (>10),typical (narrow),,,,whorled,more than two (>2),N/A,whorled,four or five (4-5),fused (>5%),three or more (>2),absent,N/A,N/A
Malvaceae,Hampea,nutricia,Hampea nutricia,Hampea nutricia,unisexual,bisexual,superior,present,six to ten (6-10),fused (>5%),actinomorphic,whorled,two (2),pentamerous,differentiated,0,,5,more than ten (>10),typical (narrow),,dorsifixed,,whorled,,N/A,whorled,three (3),fused (>5%),,present,glandular,
Malvaceae,Hampea,nutricia,Hampea nutricia,Hampea nutricia,unisexual,unisexual,N/A,present,six to ten (6-10),fused (>5%),actinomorphic,whorled,two (2),pentamerous,differentiated,0,,5,more than ten (>10),typical (narrow),,dorsifixed,,whorled,,N/A,N/A,N/A,N/A,N/A,present,glandular,
Malvaceae,Heliocarpus,appendiculatus,Heliocarpus appendiculatus,Heliocarpus appendiculatus,unisexual,unisexual,superior,present,six to ten (6-10),fused (>5%),actinomorphic,whorled,two (2),pentamerous,differentiated,0,5,5,N/A,N/A,N/A,N/A,N/A,N/A,N/A,N/A,whorled,one (1),N/A,,absent,N/A,N/A
Malvaceae,Heliocarpus,appendiculatus,Heliocarpus appendiculatus,Heliocarpus appendiculatus,unisexual,unisexual,N/A,present,six to ten (6-10),fused (>5%),actinomorphic,whorled,two (2),pentamerous,differentiated,0,5,5,more than ten (>10),typical (narrow),extrorse,dorsifixed,,whorled,,tetramerous,N/A,,,,absent,N/A,N/A
Malvaceae,Heliocarpus,appendiculatus,Heliocarpus appendiculatus,Heliocarpus appendiculatus,unisexual,unisexual,superior,present,six to ten (6-10),fused (>5%),actinomorphic,whorled,two (2),tetramerous,differentiated,0,4,4,N/A,N/A,N/A,N/A,N/A,N/A,N/A,N/A,whorled,one (1),N/A,,absent,N/A,N/A
Malvaceae,Heliocarpus,appendiculatus,Heliocarpus appendiculatus,Heliocarpus appendiculatus,unisexual,unisexual,N/A,present,six to ten (6-10),fused (>5%),actinomorphic,whorled,two (2),tetramerous,differentiated,0,4,4,more than ten (>10),typical (narrow),extrorse,dorsifixed,,whorled,,tetramerous,N/A,,,,absent,N/A,N/A
Malvaceae,Heliocarpus,appendiculatus,Heteropterys intermedia,Heteropterys intermedia,bisexual,bisexual,superior,present,six to ten (6-10),fused (>5%),zygomorphic,whorled,two (2),pentamerous,differentiated,0,5,5,six to ten (6-10),typical (narrow),introrse,basifixed,longitudinal slit,whorled,two (2),pentamerous,whorled,three (3),fused (>5%),,absent,N/A,N/A
Chrysobalanaceae,Hirtella,racemosa,Hirtella racemosa,Hirtella racemosa,bisexual,bisexual,superior,present,six to ten (6-10),free (<5%),actinomorphic,whorled,two (2),pentamerous,differentiated,0,5,5,six to ten (6-10),typical (narrow),extrorse,dorsifixed,,whorled,one (1),pentamerous,whorled,one (1),N/A,two (2),absent,N/A,N/A
Euphorbiaceae,Hura,polyandra,Hura polyandra,Hura polyandra,unisexual,unisexual,superior,present,more than ten (>10),fused (>5%),zygomorphic,whorled,one (1),N/A,undifferentiated,0,1,0,N/A,N/A,N/A,N/A,N/A,N/A,N/A,N/A,whorled,more than five (>5),fused (>5%),one (1),absent,N/A,N/A
Euphorbiaceae,Hura,polyandra,Hura polyandra,Hura polyandra,unisexual,unisexual,N/A,present,one to five (1-5),fused (>5%),actinomorphic,whorled,one (1),N/A,undifferentiated,0,1,0,more than ten (>10),N/A,N/A,N/A,,whorled,more than two (>2),N/A,N/A,N/A,N/A,N/A,absent,N/A,N/A
Fabaceae,Inga,acrocephala,Inga acrocephala,Inga acrocephala,bisexual,bisexual,superior,present,six to ten (6-10),fused (>5%),actinomorphic,whorled,two (2),pentamerous,differentiated,0,7,5,more than ten (>10),typical (narrow),,basifixed,,whorled,more than two (>2),N/A,whorled,one (1),N/A,one (1),present,glandular,
Fabaceae,Inga,acrocephala,Inga acrocephala,Inga acrocephala,bisexual,bisexual,superior,present,six to ten (6-10),fused (>5%),actinomorphic,whorled,two (2),pentamerous,differentiated,0,6,5,more than ten (>10),typical (narrow),,basifixed,,whorled,more than two (>2),N/A,whorled,one (1),N/A,one (1),present,glandular,
Fabaceae,Inga,acrocephala,Inga acrocephala,Inga acrocephala,bisexual,bisexual,superior,present,six to ten (6-10),fused (>5%),actinomorphic,whorled,two (2),pentamerous,differentiated,0,5,5,more than ten (>10),typical (narrow),,basifixed,,whorled,more than two (>2),N/A,whorled,one (1),N/A,one (1),present,glandular,
Fabaceae,Inga,sapindoides,Inga sapindoides,Inga sapindoides,bisexual,bisexual,superior,present,six to ten (6-10),fused (>5%),actinomorphic,whorled,two (2),pentamerous,differentiated,0,5,5,more than ten (>10),typical (narrow),,basifixed,,whorled,more than two (>2),N/A,whorled,one (1),N/A,one (1),present,glandular,
Fabaceae,Inga,vera,Inga vera,Inga vera,bisexual,bisexual,superior,present,six to ten (6-10),fused (>5%),actinomorphic,whorled,two (2),pentamerous,differentiated,0,5,5,more than ten (>10),typical (narrow),extrorse,dorsifixed,,whorled,one (1),N/A,whorled,more than five (>5),fused (>5%),three or more (>2),present,glandular,intraestaminal
Caricaceae,Jacaratia,dolichaula,Jacaratia dolichaula,Jacaratia dolichaula,unisexual,unisexual,inferior,present,six to ten (6-10),free (<5%),actinomorphic,whorled,two (2),tetramerous,differentiated,0,4,4,N/A,N/A,N/A,N/A,N/A,N/A,N/A,N/A,whorled,four or five (4-5),fused (>5%),three or more (>2),absent,N/A,N/A
Caricaceae,Jacaratia,dolichaula,Jacaratia dolichaula,Jacaratia dolichaula,unisexual,unisexual,inferior,present,six to ten (6-10),free (<5%),actinomorphic,whorled,two (2),pentamerous,differentiated,0,5,5,N/A,N/A,N/A,N/A,N/A,N/A,N/A,N/A,whorled,four or five (4-5),fused (>5%),three or more (>2),absent,N/A,N/A
Caricaceae,Jacaratia,dolichaula,Jacaratia dolichaula,Jacaratia dolichaula,unisexual,unisexual,N/A,present,six to ten (6-10),free (<5%),actinomorphic,whorled,two (2),pentamerous,differentiated,0,5,5,more than ten (>10),typical (narrow),introrse,basifixed,longitudinal slit,whorled,two (2),pentamerous,N/A,N/A,N/A,N/A,absent,N/A,N/A
Caricaceae,Jarilla,heterophylla,Jarilla heterophylla,Jarilla heterophylla,unisexual,unisexual,superior,present,six to ten (6-10),free (<5%),actinomorphic,whorled,one (1),pentamerous,undifferentiated,0,5,0,N/A,N/A,N/A,N/A,N/A,N/A,N/A,N/A,whorled,four or five (4-5),fused (>5%),three or more (>2),absent,N/A,N/A
Caricaceae,Jarilla,heterophylla,Jarilla heterophylla,Jarilla heterophylla,unisexual,unisexual,N/A,present,six to ten (6-10),fused (>5%),actinomorphic,whorled,two (2),pentamerous,differentiated,0,5,1,more than ten (>10),typical (narrow),,,,,,pentamerous,N/A,N/A,N/A,N/A,absent,N/A,N/A
Juglandaceae,Juglans,pyriformis,Juglans pyriformis,Juglans pyriformis,unisexual,unisexual,inferior,absent,N/A,N/A,N/A,N/A,N/A,N/A,N/A,0,0,0,N/A,N/A,N/A,N/A,N/A,N/A,N/A,N/A,whorled,more than five (>5),fused (>5%),,absent,N/A,N/A
Juglandaceae,Juglans,pyriformis,Juglans pyriformis,Juglans pyriformis,unisexual,unisexual,N/A,present,more than ten (>10),,actinomorphic,whorled,one (1),tetramerous,undifferentiated,0,4,0,more than ten (>10),typical (narrow),,basifixed,longitudinal slit,whorled,more than two (>2),N/A,N/A,N/A,N/A,N/A,absent,N/A,N/A
Lacistemataceae,Lacistema,aggregatum,Lacistema aggregatum,Lacistema aggregatum,bisexual,bisexual,inferior,present,one to five (1-5),free (<5%),actinomorphic,whorled,one (1),tetramerous,undifferentiated,0,4,4,one to five (1-5),typical (narrow),,,,whorled,one (1),N/A,whorled,three (3),fused (>5%),one (1),present,discoidal,intraestaminal
Combretaceae,Laguncularia,racemosa,Laguncularia racemosa,Laguncularia racemosa,unisexual,bisexual,superior,present,six to ten (6-10),free (<5%),actinomorphic,whorled,two (2),pentamerous,differentiated,0,5,5,six to ten (6-10),typical (narrow),introrse,dorsifixed,longitudinal slit,whorled,one (1),pentamerous,whorled,one (1),N/A,two (2),present,discoidal,intraestaminal
Combretaceae,Laguncularia,racemosa,Laguncularia racemosa,Laguncularia racemosa,unisexual,unisexual,N/A,present,six to ten (6-10),free (<5%),actinomorphic,whorled,two (2),pentamerous,differentiated,0,5,5,six to ten (6-10),typical (narrow),introrse,dorsifixed,longitudinal slit,whorled,one (1),pentamerous,N/A,N/A,N/A,N/A,present,discoidal,intraestaminal
Fabaceae,Leucaena,leucocephala,Leucaena leucocephala,Leucaena leucocephala,bisexual,bisexual,superior,present,six to ten (6-10),free (<5%),actinomorphic,whorled,two (2),pentamerous,differentiated,0,5,5,six to ten (6-10),typical (narrow),extrorse,dorsifixed,longitudinal slit,whorled,,pentamerous,whorled,one (1),N/A,three or more (>2),absent,N/A,N/A
Lauraceae,Licaria,capitata,Licaria capitata,Licaria capitata,bisexual,bisexual,superior,present,six to ten (6-10),fused (>5%),actinomorphic,whorled,two (2),trimerous,differentiated,0,3,3,more than ten (>10),typical (narrow),introrse,basifixed,flap-valvate,whorled,more than two (>2),trimerous,whorled,two (2),,one (1),absent,N/A,N/A
Altingiaceae,Liquidambar,styraciflua,Liquidambar styraciflua,Liquidambar styraciflua,unisexual,bisexual,inferior,absent,N/A,N/A,N/A,N/A,N/A,N/A,N/A,0,0,0,more than ten (>10),typical (narrow),extrorse,basifixed,longitudinal slit,whorled,one (1),dimerous,whorled,two (2),,one (1),absent,N/A,N/A
Altingiaceae,Liquidambar,styraciflua,Liquidambar styraciflua,Liquidambar styraciflua,unisexual,unisexual,N/A,present,six to ten (6-10),free (<5%),actinomorphic,whorled,one (1),tetramerous,differentiated,0,4,0,one to five (1-5),typical (narrow),extrorse,basifixed,longitudinal slit,whorled,one (1),dimerous,N/A,N/A,N/A,N/A,absent,N/A,N/A
Fabaceae,Lonchocarpus,cruentus,Lonchocarpus cruentus,Lonchocarpus cruentus,bisexual,bisexual,Superior,present,one to five (1-5),fused (>5%),zygomorphic,whorled,two (2),pentamerous,differentiated,0,,5,six to ten (6-10),typical (narrow),,dorsifixed,longitudinal slit,whorled,one (1),N/A,whorled,one (1),N/A,one (1),absent,N/A,N/A
Fabaceae,Lonchocarpus,guatemalensis,Lonchocarpus guatemalensis,Lonchocarpus guatemalensis,bisexual,bisexual,Superior,present,six to ten (6-10),fused (>5%),zygomorphic,whorled,two (2),pentamerous,differentiated,0,5,5,six to ten (6-10),typical (narrow),,dorsifixed,longitudinal slit,whorled,one (1),N/A,whorled,one (1),N/A,three or more (>2),absent,N/A,N/A
Fabaceae,Lonchocarpus,heptaphyllus,Lonchocarpus heptaphyllus,Lonchocarpus heptaphyllus,bisexual,bisexual,Superior,present,six to ten (6-10),fused (>5%),zygomorphic,whorled,two (2),pentamerous,differentiated,0,3,5,six to ten (6-10),typical (narrow),,dorsifixed,longitudinal slit,whorled,one (1),N/A,whorled,one (1),N/A,,present,,interestaminal
Fabaceae,Lonchocarpus,santarosanus,Lonchocarpus santarosanus,Lonchocarpus santarosanus,bisexual,bisexual,Superior,present,one to five (1-5),fused (>5%),zygomorphic,whorled,two (2),pentamerous,differentiated,0,3,5,six to ten (6-10),typical (narrow),,dorsifixed,longitudinal slit,whorled,one (1),N/A,whorled,one (1),N/A,two (2),absent,N/A,N/A
Malvaceae,Luehea,speciosa,Luehea speciosa,Luehea speciosa,bisexual,bisexual,Superior,present,six to ten (6-10),free (<5%),actinomorphic,whorled,two (2),pentamerous,differentiated,0,5,5,more than ten (>10),typical (narrow),extrorse,dorsifixed,longitudinal slit,whorled,two (2),N/A,whorled,four or five (4-5),fused (>5%),three or more (>2),absent,N/A,N/A
Salicaceae,Lunania,mexicana,Lunania mexicana,Lunania mexicana,unisexual,unisexual,Superior,present,one to five (1-5),free (<5%),actinomorphic,whorled,one (1),dimerous,undifferentiated,0,2,0,six to ten (6-10),typical (narrow),extrorse,dorsifixed,longitudinal slit,whorled,two (2),pentamerous,whorled,three (3),fused (>5%),three or more (>2),absent,N/A,N/A
Salicaceae,Lunania,mexicana,Lunania mexicana,Lunania mexicana,unisexual,unisexual,N/A,present,one to five (1-5),free (<5%),actinomorphic,whorled,one (1),dimerous,undifferentiated,0,2,0,six to ten (6-10),typical (narrow),extrorse,dorsifixed,longitudinal slit,whorled,two (2),pentamerous,whorled,three (3),fused (>5%),N/A,absent,N/A,N/A
