Codigo,Familia,Genero,Especie ,Nombre completo ,100_A.,100_B.,102_B.,201_A.,201_B.,201_C.,204_A.,207_A.,230_A.,231_A.,232_A.,232_B.,234_A.,301_B.,301_C.,305_A.,311_A.,312_A.,313_A.,330_A.,331_A.,332_A.,332_B.,400_A.,401_B.,403_A.,411_A.,500_A.,501_A.,502_A.
FC_0001,Arecaceae,Acrocomia,aculeata,Acrocomia aculeata,unisexual,bisexual,superior,present,one to five (1-5),one to six (1-6),fused (>5%),actinomorphic,spiral,two (2),trimerous,trimerous,differentiated,one to five (1-5),one to six (1-6),typical (narrow),,dorsifixed,longitudinal slit,whorled,one (1),trimerous,trimerous,whorled,three (3),fused (>5%),one (1),absent,N/A,N/A
FC_0002,Fabaceae,Pseudalbizzia,tomentosa,Pseudalbizzia tomentosa,bisexual,bisexual,,present,one to five (1-5),one to six (1-6),free (<5%),actinomorphic,,two (2),pentamerous,pentamerous,differentiated,more than ten (>10),more than six (>6),typical (narrow),extrorse,dorsifixed,,whorled,more than two (>2),N/A,N/A,whorled,,,,present,glandular,
FC_0003,Fabaceae,Pseudalbizzia,tomentosa,Pseudalbizzia tomentosa,bisexual,bisexual,,present,six to ten (6-10),more than six (>6),free (<5%),actinomorphic,,two (2),pentamerous,pentamerous,differentiated,more than ten (>10),more than six (>6),typical (narrow),extrorse,dorsifixed,,whorled,more than two (>2),N/A,N/A,whorled,,,,present,glandular,
FC_0004,Euphorbiaceae,Alchornea,latifolia,Alchornea latifolia,unisexual,unisexual,superior,present,one to five (1-5),one to six (1-6),fused (>5%),actinomorphic,whorled,one (1),tetramerous,tetramerous,undifferentiated,six to ten (6-10),more than six (>6),typical (narrow),,basifixed,,whorled,one (1),tetramerous,tetramerous,whorled,one (1),fused (>5%),one (1),absent,N/A,N/A
FC_0005,Cannabaceae,Ampelocera,hottlei,Ampelocera hottlei,unisexual,bisexual,,present,one to five (1-5),one to six (1-6),fused (>5%),actinomorphic,whorled,one (1),pentamerous,pentamerous,undifferentiated,,more than six (>6),typical (narrow),,basifixed,,whorled,,,,,,fused (>5%),,absent,N/A,N/A
FC_0006,Fabaceae,Andira,galeottiana,Andira galeottiana,bisexual,bisexual,superior,present,one to five (1-5),one to six (1-6),free (<5%),zygomorphic,whorled,two (2),pentamerous,pentamerous,differentiated,six to ten (6-10),more than six (>6),typical (narrow),latrorse,,,whorled,one (1),N/A,N/A,whorled,one (1),N/A,three or more (>2),absent,N/A,N/A
FC_0007,Malvaceae,Apeiba,tibourbou,Apeiba tibourbou,bisexual,bisexual,superior,present,one to five (1-5),one to six (1-6),free (<5%),actinomorphic,whorled,two (2),pentamerous,pentamerous,differentiated,more than ten (>10),more than six (>6),typical (narrow),,dorsifixed,longitudinal slit,1,one (1),pentamerous,pentamerous,whorled,more than five (>5),fused (>5%),three or more (>2),absent,N/A,N/A
FC_0008,Cannabaceae,Aphananthe,monoica,Aphananthe monoica,unisexual,unisexual,superior,present,one to five (1-5),one to six (1-6),fused (>5%),actinomorphic,whorled,one (1),pentamerous,pentamerous,undifferentiated,one to five (1-5),one to six (1-6),typical (narrow),,dorsifixed,longitudinal slit,whorled,,pentamerous,pentamerous,whorled,one (1),N/A,,absent,N/A,N/A
FC_0009,Apocynaceae,Aspidosperma,megalocarpon,Aspidosperma megalocarpon,unisexual,unisexual,superior,present,more than ten (>10),more than six (>6),fused (>5%),actinomorphic,whorled,two (2),pentamerous,pentamerous,differentiated,one to five (1-5),one to six (1-6),typical (narrow),,dorsifixed,longitudinal slit,whorled,one (1),pentamerous,pentamerous,whorled,two (2),fused (>5%),,absent,N/A,N/A
FC_0010,Arecaceae,Attalea,butyracea,Attalea butyracea,unisexual,unisexual,,present,one to five (1-5),one to six (1-6),free (<5%),actinomorphic,,one (1),trimerous,trimerous,undifferentiated,one to five (1-5),one to six (1-6),typical (narrow),,,,,,trimerous,trimerous,whorled,three (3),fused (>5%),,absent,N/A,N/A
FC_0011,Acanthaceae ,Avicennia,germinans,Avicennia germinans,bisexual,bisexual,superior,present,six to ten (6-10),more than six (>6),fused (>5%),actinomorphic,whorled,two (2),pentamerous,pentamerous,differentiated,one to five (1-5),one to six (1-6),typical (narrow),extrorse,basifixed,longitudinal slit,whorled,one (1),tetramerous,tetramerous,whorled,one (1),N/A,three or more (>2),present,,
FC_0012,Malvaceae,Bernoullia,flammea,Bernoullia flammea,bisexual,bisexual,superior,present,more than ten (>10),more than six (>6),free (<5%),actinomorphic,whorled,two (2),pentamerous,pentamerous,differentiated,more than ten (>10),more than six (>6),typical (narrow),,,,whorled,,,,whorled,,free (<5%),,present,,extraestaminal
FC_0013,Moraceae,Brosimum,alicastrum,Brosimum alicastrum,unisexual,unisexual,inferior,absent,N/A,N/A,N/A,N/A,N/A,N/A,N/A,N/A,N/A,N/A,N/A,N/A,N/A,N/A,N/A,N/A,N/A,N/A,N/A,whorled,one (1),fused (>5%),one (1),absent,N/A,N/A
FC_0014,Moraceae,Brosimum,alicastrum,Brosimum alicastrum,unisexual,unisexual,N/A,absent,N/A,N/A,N/A,N/A,N/A,N/A,N/A,N/A,N/A,one to five (1-5),one to six (1-6),typical (narrow),introrse,dorsifixed,,whorled,one (1),,,N/A,N/A,N/A,N/A,absent,N/A,N/A
FC_0015,Burseraceae ,Bursera,simaruba,Bursera simaruba,unisexual,unisexual,N/A,present,one to five (1-5),one to six (1-6),free (<5%),actinomorphic,whorled,one (1),pentamerous,pentamerous,undifferentiated,more than ten (>10),more than six (>6),typical (narrow),introrse,basifixed,longitudinal slit,whorled,one (1),pentamerous,pentamerous,N/A,N/A,N/A,N/A,present,discoidal,
FC_0016,Burseraceae ,Bursera,simaruba,Bursera simaruba,unisexual,unisexual,inferior,absent,N/A,N/A,N/A,N/A,N/A,N/A,N/A,N/A,N/A,six to ten (6-10),more than six (>6),typical (narrow),introrse,basifixed,longitudinal slit,whorled,one (1),tetramerous,tetramerous,whorled,three (3),fused (>5%),two (2),absent,N/A,N/A
FC_0017,Malpighiaceae,Byrsonima,cinerea,Byrsonima cinerea,bisexual,bisexual,superior,present,six to ten (6-10),more than six (>6),fused (>5%),actinomorphic,whorled,two (2),tetramerous,tetramerous,differentiated,six to ten (6-10),more than six (>6),typical (narrow),introrse,basifixed,longitudinal slit,,,,,whorled,three (3),fused (>5%),,absent,N/A,N/A
FC_0018,Icacinaceae,Calatola,laevigata,Calatola laevigata,unisexual,unisexual,,present,six to ten (6-10),more than six (>6),fused (>5%),actinomorphic,whorled,two (2),tetramerous,tetramerous,differentiated,,,typical (narrow),,,,whorled,,,,,,,,absent,N/A,N/A
FC_0019,Icacinaceae,Calatola,laevigata,Calatola laevigata,unisexual,unisexual,,present,six to ten (6-10),more than six (>6),fused (>5%),actinomorphic,whorled,two (2),tetramerous,tetramerous,differentiated,,,,,,,,,,,whorled,one (1),,,absent,N/A,N/A
FC_0020,Calophyllaceae ,Calophyllum,brasiliense,Calophyllum brasiliense,unisexual,unisexual,,present,one to five (1-5),one to six (1-6),fused (>5%),actinomorphic,whorled,two (2),pentamerous,pentamerous,differentiated,more than ten (>10),more than six (>6),typical (narrow),,,,whorled,one (1),,,,,,,absent,N/A,N/A
FC_0021,Calophyllaceae ,Calophyllum,brasiliense,Calophyllum brasiliense,unisexual,bisexual,superior,present,one to five (1-5),one to six (1-6),fused (>5%),actinomorphic,whorled,two (2),pentamerous,pentamerous,differentiated,six to ten (6-10),,,,,,whorled,one (1),,,whorled,one (1),,,absent,N/A,N/A
FC_0022,Rubiaceae,Calycophyllum,candidissimum,Calycophyllum candidissimum,bisexual,bisexual,inferior,present,more than ten (>10),more than six (>6),fused (>5%),actinomorphic,whorled,two (2),pentamerous,pentamerous,differentiated,one to five (1-5),one to six (1-6),typical (narrow),,,,whorled,one (1),pentamerous,pentamerous,whorled,two (2),fused (>5%),three or more (>2),absent,N/A,N/A
FC_0023,Capparaceae,Morisonia,flexuosa,Morisonia flexuosa,bisexual,bisexual,superior,present,six to ten (6-10),more than six (>6),free (<5%),actinomorphic,whorled,two (2),tetramerous,tetramerous,differentiated,more than ten (>10),more than six (>6),typical (narrow),,basifixed,,whorled,,,,whorled,one (1),N/A,three or more (>2),present,glandular,extraestaminal
FC_0024,Moraceae,Castilla,elastica,Castilla elastica,unisexual,unisexual,inferior,present,one to five (1-5),one to six (1-6),fused (>5%),actinomorphic,spiral,one (1),pentamerous,pentamerous,undifferentiated,N/A,N/A,N/A,N/A,N/A,N/A,N/A,N/A,N/A,N/A,spiral,one (1),fused (>5%),,absent,N/A,N/A
FC_0025,Moraceae,Castilla,elastica,Castilla elastica,unisexual,unisexual,N/A,absent,N/A,N/A,N/A,N/A,N/A,N/A,N/A,N/A,N/A,one to five (1-5),one to six (1-6),typical (narrow),introrse,dorsifixed,longitudinal slit,,,trimerous,trimerous,N/A,N/A,N/A,N/A,absent,N/A,N/A
FC_0026,Urticaceae,Cecropia,obtusifolia,Cecropia obtusifolia,unisexual,unisexual,,present,one to five (1-5),one to six (1-6),fused (>5%),actinomorphic,whorled,one (1),trimerous,trimerous,undifferentiated,N/A,N/A,N/A,N/A,N/A,N/A,N/A,N/A,,,whorled,one (1),N/A,one (1),absent,N/A,N/A
FC_0027,Urticaceae,Cecropia,obtusifolia,Cecropia obtusifolia,unisexual,unisexual,N/A,present,one to five (1-5),one to six (1-6),fused (>5%),actinomorphic,whorled,one (1),trimerous,trimerous,undifferentiated,one to five (1-5),one to six (1-6),typical (narrow),,,,whorled,one (1),,,N/A,N/A,N/A,N/A,absent,N/A,N/A
FC_0028,Meliaceae,Cedrela,odorata,Cedrela odorata,unisexual,bisexual,superior,present,six to ten (6-10),more than six (>6),fused (>5%),actinomorphic,whorled,two (2),pentamerous,pentamerous,differentiated,one to five (1-5),one to six (1-6),typical (narrow),introrse,dorsifixed,longitudinal slit,whorled,one (1),pentamerous,pentamerous,whorled,four or five (4-5),fused (>5%),three or more (>2),absent,N/A,N/A
FC_0029,Malvaceae,Ceiba,pentandra,Ceiba pentandra,bisexual,bisexual,inferior,present,more than ten (>10),more than six (>6),fused (>5%),actinomorphic,whorled,two (2),pentamerous,pentamerous,differentiated,more than ten (>10),more than six (>6),typical (narrow),,,,,,,,whorled,four or five (4-5),fused (>5%),three or more (>2),absent,N/A,N/A
FC_0030,Urticaceae,Cecropia,obtusifolia,Cecropia obtusifolia,unisexual,unisexual,superior,present,one to five (1-5),one to six (1-6),free (<5%),actinomorphic,whorled,one (1),tetramerous,tetramerous,undifferentiated,N/A,N/A,N/A,N/A,N/A,N/A,N/A,N/A,N/A,N/A,whorled,one (1),N/A,one (1),absent,N/A,N/A
FC_0031,Urticaceae,Cecropia,obtusifolia,Maclura tinctoria,unisexual,unisexual,N/A,present,one to five (1-5),one to six (1-6),free (<5%),actinomorphic,whorled,one (1),tetramerous,tetramerous,undifferentiated,one to five (1-5),one to six (1-6),typical (narrow),extrorse,dorsifixed,longitudinal slit,,,tetramerous,tetramerous,N/A,N/A,N/A,N/A,absent,N/A,N/A
FC_0032,Clethraceae,Clethra,macrophylla,Clethra macrophylla,bisexual,bisexual,superior,present,more than ten (>10),more than six (>6),free (<5%),actinomorphic,whorled,two (2),pentamerous,pentamerous,differentiated,more than ten (>10),more than six (>6),typical (narrow),extrorse,basifixed,longitudinal slit,whorled,two (2),,,,three (3),fused (>5%),three or more (>2),absent,N/A,N/A
FC_0033,Euphorbiaceae,Cnidoscolus,multilobus,Cnidoscolus multilobus,unisexual,unisexual,superior,present,one to five (1-5),one to six (1-6),fused (>5%),actinomorphic,whorled,one (1),pentamerous,pentamerous,undifferentiated,N/A,N/A,N/A,N/A,N/A,N/A,N/A,N/A,N/A,N/A,whorled,three (3),free (<5%),one (1),present,glandular,intraestaminal
FC_0034,Euphorbiaceae,Cnidoscolus,multilobus,Cnidoscolus multilobus,unisexual,unisexual,N/A,present,one to five (1-5),one to six (1-6),fused (>5%),actinomorphic,whorled,one (1),pentamerous,pentamerous,undifferentiated,more than ten (>10),more than six (>6),typical (narrow),extrorse,dorsifixed,longitudinal slit,whorled,more than two (>2),dimerous,tetramerous,N/A,N/A,N/A,N/A,present,glandular,intraestaminal
FC_0035,Polygonaceae,Coccoloba,barbadensis,Coccoloba barbadensis,unisexual,bisexual,superior,present,one to five (1-5),one to six (1-6),fused (>5%),actinomorphic,whorled,one (1),pentamerous,pentamerous,undifferentiated,six to ten (6-10),more than six (>6),typical (narrow),extrorse,dorsifixed,longitudinal slit,whorled,one (1),tetramerous,tetramerous,whorled,three (3),fused (>5%),,absent,N/A,N/A
FC_0036,Fabaceae,Cojoba,arborea,Cojoba arborea,bisexual,bisexual,superior,present,more than ten (>10),more than six (>6),fused (>5%),actinomorphic,whorled,two (2),pentamerous,pentamerous,differentiated,more than ten (>10),more than six (>6),typical (narrow),,,,,,,,whorled,one (1),N/A,three or more (>2),present,glandular,intraestaminal
FC_0037,Boraginaceae,Cordia,alliodora,Cordia alliodora,bisexual,bisexual,superior,present,more than ten (>10),more than six (>6),fused (>5%),actinomorphic,whorled,two (2),pentamerous,pentamerous,differentiated,one to five (1-5),one to six (1-6),typical (narrow),latrorse,dorsifixed,longitudinal slit,whorled,one (1),pentamerous,pentamerous,whorled,two (2),fused (>5%),,absent,N/A,N/A
FC_0038,Boraginaceae,Cordia,dodecandra,Cordia dodecandra,bisexual,bisexual,superior,present,six to ten (6-10),more than six (>6),free (<5%),actinomorphic,whorled,two (2),pentamerous,pentamerous,differentiated,one to five (1-5),one to six (1-6),typical (narrow),introrse,dorsifixed,longitudinal slit,whorled,one (1),pentamerous,pentamerous,whorled,two (2),fused (>5%),three or more (>2),present,,
FC_0039,Boraginaceae,Cordia,megalantha,Cordia megalantha,bisexual,bisexual,superior,present,more than ten (>10),more than six (>6),fused (>5%),actinomorphic,whorled,two (2),pentamerous,pentamerous,differentiated,one to five (1-5),one to six (1-6),typical (narrow),,,,whorled,one (1),pentamerous,pentamerous,whorled,,fused (>5%),,absent,N/A,N/A
FC_0040,Chrysobalanaceae,Couepia,polyandra,Couepia polyandra,bisexual,bisexual,superior,present,,,fused (>5%),actinomorphic,whorled,two (2),pentamerous,pentamerous,differentiated,more than ten (>10),more than six (>6),typical (narrow),,,,whorled,one (1),N/A,N/A,whorled,one (1),fused (>5%),,absent,N/A,N/A
FC_0041,Capparaceae,Crateva,tapia,Crateva tapia,bisexual,bisexual,superior,present,six to ten (6-10),more than six (>6),free (<5%),,whorled,two (2),pentamerous,pentamerous,differentiated,more than ten (>10),more than six (>6),typical (narrow),,,,whorled,one (1),N/A,N/A,whorled,one (1),N/A,,absent,N/A,N/A
FC_0042,Bignoniaceae,Crescentia,cujete,Crescentia cujete,bisexual,bisexual,superior,present,six to ten (6-10),more than six (>6),fused (>5%),zygomorphic,whorled,two (2),trimerous,trimerous,differentiated,one to five (1-5),one to six (1-6),typical (narrow),introrse,basifixed,longitudinal slit,whorled,two (2),trimerous,trimerous,whorled,four or five (4-5),fused (>5%),three or more (>2),present,discoidal,intraestaminal
FC_0043,Sapotaceae,Chrysophyllum,mexicanum,Chrysophyllum mexicanum,bisexual,bisexual,superior,present,six to ten (6-10),more than six (>6),free (<5%),actinomorphic,whorled,two (2),pentamerous,pentamerous,differentiated,one to five (1-5),one to six (1-6),typical (narrow),,,,whorled,one (1),pentamerous,pentamerous,whorled,four or five (4-5),fused (>5%),one (1),present,glandular,intraestaminal
FC_0044,Euphorbiaceae,Croton,draco,Croton draco,bisexual,bisexual,superior,present,six to ten (6-10),more than six (>6),free (<5%),actinomorphic,whorled,two (2),pentamerous,pentamerous,differentiated,more than ten (>10),more than six (>6),typical (narrow),,,,whorled,more than two (>2),,,whorled,,fused (>5%),,present,glandular,
FC_0045,Euphorbiaceae,Croton,schiedeanus,Croton schiedeanus,unisexual,unisexual,superior,present,six to ten (6-10),more than six (>6),free (<5%),actinomorphic,whorled,two (2),pentamerous,pentamerous,differentiated,N/A,N/A,N/A,N/A,N/A,N/A,N/A,N/A,N/A,N/A,whorled,three (3),fused (>5%),one (1),present,,extraestaminal
FC_0046,Euphorbiaceae,Croton,schiedeanus,Croton schiedeanus,unisexual,unisexual,N/A,present,six to ten (6-10),more than six (>6),free (<5%),actinomorphic,whorled,two (2),pentamerous,pentamerous,differentiated,more than ten (>10),more than six (>6),typical (narrow),introrse,basifixed,longitudinal slit,whorled,two (2),,,N/A,N/A,N/A,N/A,present,,extraestaminal
FC_0047,Sapindaceae,Cupania,dentata,Cupania dentata,unisexual,unisexual,superior,present,six to ten (6-10),more than six (>6),free (<5%),actinomorphic,whorled,two (2),pentamerous,pentamerous,differentiated,N/A,N/A,N/A,N/A,N/A,N/A,N/A,N/A,N/A,N/A,whorled,three (3),fused (>5%),one (1),present,discoidal,intraestaminal
FC_0048,Sapindaceae,Cupania,dentata,Cupania dentata,unisexual,unisexual,N/A,present,six to ten (6-10),more than six (>6),free (<5%),actinomorphic,whorled,two (2),pentamerous,pentamerous,differentiated,six to ten (6-10),more than six (>6),typical (narrow),introrse,dorsifixed,longitudinal slit,whorled,one (1),,,N/A,N/A,N/A,N/A,present,discoidal,intraestaminal
FC_0049,Fabaceae,Cynometra,retusa,Cynometra retusa,bisexual,bisexual,superior,present,six to ten (6-10),more than six (>6),fused (>5%),actinomorphic,whorled,two (2),pentamerous,pentamerous,differentiated,six to ten (6-10),more than six (>6),typical (narrow),,dorsifixed,longitudinal slit,whorled,one (1),pentamerous,pentamerous,whorled,one (1),N/A,one (1),absent,N/A,N/A
FC_0050,Fabaceae,Dalbergia,glomerata,Dalbergia glomerata,bisexual,bisexual,superior,present,six to ten (6-10),more than six (>6),fused (>5%),zygomorphic,whorled,two (2),pentamerous,pentamerous,differentiated,six to ten (6-10),more than six (>6),typical (narrow),extrorse,basifixed,longitudinal slit,whorled,one (1),dimerous,N/A,whorled,one (1),N/A,one (1),absent,N/A,N/A
FC_0051,Thymelaeaceae,Daphnopsis,americana,Daphnopsis americana,bisexual,bisexual,superior,present,six to ten (6-10),more than six (>6),fused (>5%),zygomorphic,whorled,two (2),tetramerous,tetramerous,differentiated,six to ten (6-10),more than six (>6),typical (narrow),extrorse,basifixed,longitudinal slit,whorled,one (1),dimerous,N/A,whorled,one (1),N/A,one (1),absent,N/A,N/A
FC_0052,Primulaceae,Deherainia,smaragdina,Deherainia smaragdina,bisexual,bisexual,superior,present,six to ten (6-10),more than six (>6),fused (>5%),actinomorphic,whorled,two (2),pentamerous,pentamerous,differentiated,one to five (1-5),one to six (1-6),typical (narrow),extrorse,basifixed,longitudinal slit,whorled,one (1),pentamerous,pentamerous,whorled,one (1),N/A,three or more (>2),absent,N/A,N/A
FC_0053,Araliaceae,Dendropanax,arboreus,Dendropanax arboreus,bisexual,bisexual,inferior,present,one to five (1-5),one to six (1-6),fused (>5%),actinomorphic,whorled,two (2),pentamerous,pentamerous,differentiated,one to five (1-5),one to six (1-6),typical (narrow),extrorse,dorsifixed,longitudinal slit,whorled,one (1),pentamerous,pentamerous,whorled,four or five (4-5),fused (>5%),one (1),present,discoidal,intraestaminal
FC_0054,Fabaceae,Dialium,guianense,Dialium guianense,bisexual,bisexual,inferior,present,one to five (1-5),one to six (1-6),fused (>5%),zygomorphic,whorled,one (1),pentamerous,pentamerous,undifferentiated,one to five (1-5),one to six (1-6),typical (narrow),latrorse,basifixed,H-valvate,whorled,one (1),dimerous,N/A,whorled,one (1),N/A,one (1),present,discoidal,intraestaminal
FC_0055,Ebenaceae,Diospyros,nigra,Diospyros nigra,unisexual,unisexual,superior,present,six to ten (6-10),more than six (>6),fused (>5%),actinomorphic,whorled,two (2),tetramerous,pentamerous,differentiated,N/A,N/A,N/A,N/A,N/A,N/A,N/A,N/A,N/A,N/A,whorled,four or five (4-5),fused (>5%),one (1),absent,N/A,N/A
FC_0056,Ebenaceae,Diospyros,nigra,Diospyros nigra,unisexual,unisexual,N/A,present,six to ten (6-10),more than six (>6),fused (>5%),actinomorphic,whorled,two (2),tetramerous,pentamerous,differentiated,more than ten (>10),more than six (>6),typical (narrow),,,,whorled,one (1),,,N/A,N/A,N/A,N/A,absent,N/A,N/A
FC_0057,Sapotaceae,Sideroxylon,portoricense,Sideroxylon portoricense,bisexual,bisexual,superior,present,six to ten (6-10),one to six (1-6),fused (>5%),actinomorphic,whorled,two (2),pentamerous,pentamerous,differentiated,one to five (1-5),one to six (1-6),typical (narrow),,,longitudinal slit,whorled,one (1),pentamerous,pentamerous,whorled,four or five (4-5),fused (>5%),one (1),absent,N/A,N/A
FC_0058,Fabaceae,Dussia,mexicana,Dussia mexicana,bisexual,bisexual,superior,present,six to ten (6-10),more than six (>6),fused (>5%),actinomorphic,whorled,two (2),pentamerous,pentamerous,differentiated,six to ten (6-10),more than six (>6),typical (narrow),,dorsifixed,,whorled,one (1),,,whorled,one (1),N/A,one (1),absent,N/A,N/A
FC_0059,Fabaceae,Enterolobium,cyclocarpum,Enterolobium cyclocarpum,bisexual,bisexual,superior,present,six to ten (6-10),more than six (>6),fused (>5%),actinomorphic,whorled,two (2),pentamerous,pentamerous,differentiated,more than ten (>10),more than six (>6),typical (narrow),,,,,,,,whorled,one (1),N/A,three or more (>2),absent,N/A,N/A
FC_0060,Fabaceae,Erythrina,folkersii,Erythrina folkersii,bisexual,bisexual,inferior,present,more than ten (>10),more than six (>6),fused (>5%),zygomorphic,whorled,two (2),,,differentiated,more than ten (>10),more than six (>6),typical (narrow),,,,,,,,whorled,one (1),N/A,one (1),absent,N/A,N/A
FC_0061,Rutaceae,Esenbeckia,pentaphylla,Esenbeckia pentaphylla,bisexual,bisexual,superior,present,six to ten (6-10),more than six (>6),free (<5%),actinomorphic,whorled,two (2),pentamerous,pentamerous,differentiated,one to five (1-5),one to six (1-6),typical (narrow),introrse,dorsifixed,longitudinal slit,whorled,one (1),pentamerous,pentamerous,whorled,four or five (4-5),fused (>5%),one (1),present,discoidal,interestaminal
FC_0062,Myrtaceae,Eugenia,acapulcensis,Eugenia acapulcensis,bisexual,bisexual,inferior,present,six to ten (6-10),more than six (>6),free (<5%),actinomorphic,whorled,two (2),tetramerous,tetramerous,differentiated,more than ten (>10),more than six (>6),typical (narrow),,dorsifixed,longitudinal slit,whorled,one (1),,,whorled,two (2),fused (>5%),three or more (>2),present,discoidal,interestaminal
FC_0063,Myrtaceae,Eugenia,capuli,Eugenia capuli,bisexual,bisexual,superior,present,more than ten (>10),more than six (>6),fused (>5%),actinomorphic,whorled,two (2),tetramerous,tetramerous,differentiated,more than ten (>10),more than six (>6),typical (narrow),,basifixed,longitudinal slit,whorled,,,,whorled,two (2),fused (>5%),three or more (>2),present,,
FC_0064,Moraceae,Ficus,cotinifolia,Ficus cotinifolia,unisexual,unisexual,,absent,N/A,N/A,N/A,N/A,N/A,N/A,N/A,N/A,N/A,N/A,N/A,N/A,N/A,N/A,N/A,N/A,N/A,N/A,N/A,whorled,one (1),N/A,one (1),absent,N/A,N/A
FC_0065,Moraceae,Ficus,cotinifolia,Ficus cotinifolia,unisexual,unisexual,,absent,N/A,N/A,N/A,N/A,N/A,N/A,N/A,N/A,N/A,one to five (1-5),one to six (1-6),N/A,N/A,,N/A,whorled,one (1),N/A,N/A,N/A,N/A,N/A,N/A,absent,N/A,N/A
FC_0066,Moraceae,Ficus,insipida,Ficus insipida,unisexual,unisexual,inferior,absent,N/A,N/A,N/A,N/A,N/A,N/A,N/A,N/A,N/A,N/A,N/A,N/A,N/A,N/A,N/A,N/A,N/A,N/A,N/A,whorled,one (1),N/A,,absent,N/A,N/A
FC_0067,Moraceae,Ficus,insipida,Ficus insipida,unisexual,unisexual,inferior,absent,N/A,N/A,N/A,N/A,N/A,N/A,N/A,N/A,N/A,one to five (1-5),one to six (1-6),,introrse,basifixed,longitudinal slit,whorled,,dimerous,N/A,N/A,N/A,N/A,N/A,absent,N/A,N/A
FC_0068,Moraceae,Ficus,aurea,Ficus aurea,unisexual,unisexual,superior,absent,N/A,N/A,nn,N/A,N/A,N/A,N/A,N/A,N/A,N/A,N/A,N/A,N/A,N/A,N/A,N/A,N/A,N/A,N/A,whorled,one (1),N/A,,absent,N/A,N/A
FC_0069,Moraceae,Ficus,aurea,Ficus aurea,unisexual,unisexual,N/A,present,one to five (1-5),one to six (1-6),fused (>5%),actinomorphic,,,dimerous,trimerous,undifferentiated,one to five (1-5),one to six (1-6),typical (narrow),introrse,basifixed,longitudinal slit,,,dimerous,N/A,N/A,N/A,N/A,N/A,absent,N/A,N/A
FC_0070,Pentaphylacaceae,Freziera,guatemalensis,Freziera guatemalensis,bisexual,bisexual,,present,more than ten (>10),more than six (>6),,,,,dimerous,trimerous,differentiated,,,,,,,,,,,,,,,,,
FC_0071,Rubiaceae,Genipa,americana,Genipa americana,unisexual,bisexual,inferior,present,more than ten (>10),more than six (>6),fused (>5%),actinomorphic,whorled,two (2),pentamerous,pentamerous,differentiated,one to five (1-5),one to six (1-6),typical (narrow),introrse,basifixed,longitudinal slit,whorled,one (1),pentamerous,pentamerous,whorled,one (1),N/A,three or more (>2),absent,N/A,N/A
FC_0072,Fabaceae,Gliricidia,sepium,Gliricidia sepium,bisexual,bisexual,superior,present,,,fused (>5%),zygomorphic,whorled,two (2),,,differentiated,six to ten (6-10),more than six (>6),typical (narrow),introrse,dorsifixed,longitudinal slit,whorled,one (1),pentamerous,pentamerous,whorled,one (1),N/A,three or more (>2),absent,N/A,N/A
FC_0073,Meliaceae,Guarea,glabra,Guarea glabra,unisexual,unisexual,superior,present,more than ten (>10),more than six (>6),free (<5%),actinomorphic,whorled,two (2),tetramerous,tetramerous,differentiated,N/A,N/A,N/A,N/A,N/A,N/A,N/A,N/A,N/A,N/A,whorled,four or five (4-5),fused (>5%),one (1),present,glandular,intraestaminal
FC_0074,Meliaceae,Guarea,glabra,Guarea glabra,unisexual,unisexual,N/A,present,more than ten (>10),more than six (>6),free (<5%),actinomorphic,whorled,two (2),tetramerous,tetramerous,differentiated,six to ten (6-10),more than six (>6),typical (narrow),,dorsifixed,,whorled,one (1),tetramerous,tetramerous,N/A,N/A,N/A,N/A,present,glandular,intraestaminal
FC_0075,Meliaceae,Guarea,guidonia,Guarea guidonia,unisexual,bisexual,superior,present,six to ten (6-10),more than six (>6),free (<5%),actinomorphic,whorled,two (2),tetramerous,tetramerous,differentiated,six to ten (6-10),more than six (>6),typical (narrow),introrse,,,whorled,one (1),tetramerous,tetramerous,whorled,four or five (4-5),fused (>5%),one (1),present,discoidal,intraestaminal
FC_0076,Annonaceae,Guatteria,grandiflora,Guatteria grandiflora,bisexual,bisexual,superior,present,six to ten (6-10),more than six (>6),free (<5%),actinomorphic,whorled,two (2),trimerous,trimerous,differentiated,more than ten (>10),more than six (>6),laminar (wide),extrorse,,longitudinal slit,spiral,N/A,N/A,N/A,spiral,more than five (>5),free (<5%),one (1),absent,N/A,N/A
FC_0077,Malvaceae,Guazuma,ulmifolia,Guazuma ulmifolia,bisexual,bisexual,superior,present,six to ten (6-10),more than six (>6),free (<5%),actinomorphic,whorled,two (2),pentamerous,pentamerous,differentiated,more than ten (>10),more than six (>6),typical (narrow),,,,whorled,more than two (>2),N/A,N/A,whorled,four or five (4-5),fused (>5%),three or more (>2),absent,N/A,N/A
FC_0078,Malvaceae,Hampea,nutricia,Hampea nutricia,unisexual,bisexual,superior,present,six to ten (6-10),one to six (1-6),fused (>5%),actinomorphic,whorled,two (2),pentamerous,pentamerous,differentiated,more than ten (>10),more than six (>6),typical (narrow),,dorsifixed,,whorled,,N/A,N/A,whorled,three (3),fused (>5%),,present,glandular,
FC_0079,Malvaceae,Hampea,nutricia,Hampea nutricia,unisexual,unisexual,N/A,present,six to ten (6-10),one to six (1-6),fused (>5%),actinomorphic,whorled,two (2),pentamerous,pentamerous,differentiated,more than ten (>10),more than six (>6),typical (narrow),,dorsifixed,,whorled,,N/A,N/A,N/A,N/A,N/A,N/A,present,glandular,
FC_0080,Malvaceae,Heliocarpus,appendiculatus,Heliocarpus appendiculatus,unisexual,unisexual,superior,present,six to ten (6-10),more than six (>6),fused (>5%),actinomorphic,whorled,two (2),tetramerous,tetramerous,differentiated,N/A,N/A,N/A,N/A,N/A,N/A,N/A,N/A,N/A,N/A,whorled,one (1),N/A,,absent,N/A,N/A
FC_0081,Malvaceae,Heliocarpus,appendiculatus,Heliocarpus appendiculatus,unisexual,unisexual,N/A,present,six to ten (6-10),more than six (>6),fused (>5%),actinomorphic,whorled,two (2),tetramerous,tetramerous,differentiated,more than ten (>10),more than six (>6),typical (narrow),extrorse,dorsifixed,,whorled,,tetramerous,tetramerous,N/A,,,,absent,N/A,N/A
FC_0082,Chrysobalanaceae,Hirtella,racemosa,Hirtella racemosa,bisexual,bisexual,superior,present,six to ten (6-10),more than six (>6),free (<5%),actinomorphic,whorled,two (2),pentamerous,pentamerous,differentiated,six to ten (6-10),more than six (>6),typical (narrow),extrorse,dorsifixed,,whorled,one (1),pentamerous,pentamerous,whorled,one (1),N/A,two (2),absent,N/A,N/A
FC_0083,Euphorbiaceae,Hura,polyandra,Hura polyandra,unisexual,unisexual,superior,present,more than ten (>10),more than six (>6),fused (>5%),zygomorphic,whorled,one (1),N/A,N/A,undifferentiated,N/A,N/A,N/A,N/A,N/A,N/A,N/A,N/A,N/A,N/A,whorled,more than five (>5),fused (>5%),one (1),absent,N/A,N/A
FC_0084,Euphorbiaceae,Hura,polyandra,Hura polyandra,unisexual,unisexual,N/A,present,one to five (1-5),one to six (1-6),fused (>5%),zygomorphic,whorled,one (1),N/A,N/A,undifferentiated,more than ten (>10),more than six (>6),N/A,N/A,N/A,,whorled,more than two (>2),N/A,N/A,N/A,N/A,N/A,N/A,absent,N/A,N/A
FC_0085,Fabaceae,Inga,acrocephala,Inga acrocephala,bisexual,bisexual,superior,present,six to ten (6-10),more than six (>6),fused (>5%),actinomorphic,whorled,two (2),pentamerous,pentamerous,differentiated,more than ten (>10),more than six (>6),typical (narrow),,basifixed,,whorled,more than two (>2),N/A,N/A,whorled,one (1),N/A,one (1),present,glandular,
FC_0086,Fabaceae,Inga,sapindoides,Inga sapindoides,bisexual,bisexual,superior,present,six to ten (6-10),more than six (>6),fused (>5%),actinomorphic,whorled,two (2),pentamerous,pentamerous,differentiated,more than ten (>10),more than six (>6),typical (narrow),,basifixed,,whorled,more than two (>2),N/A,N/A,whorled,one (1),N/A,one (1),present,glandular,
FC_0087,Fabaceae,Inga,vera,Inga vera,bisexual,bisexual,superior,present,six to ten (6-10),more than six (>6),fused (>5%),actinomorphic,whorled,two (2),pentamerous,pentamerous,differentiated,more than ten (>10),more than six (>6),typical (narrow),extrorse,dorsifixed,,whorled,one (1),N/A,N/A,whorled,more than five (>5),fused (>5%),three or more (>2),present,glandular,intraestaminal
FC_0088,Caricaceae,Jacaratia,dolichaula,Jacaratia dolichaula,unisexual,unisexual,inferior,present,six to ten (6-10),one to six (1-6),free (<5%),actinomorphic,whorled,two (2),pentamerous,pentamerous,differentiated,N/A,N/A,N/A,N/A,N/A,N/A,N/A,N/A,N/A,N/A,whorled,four or five (4-5),fused (>5%),three or more (>2),absent,N/A,N/A
FC_0089,Caricaceae,Jacaratia,dolichaula,Jacaratia dolichaula,unisexual,unisexual,N/A,present,six to ten (6-10),more than six (>6),free (<5%),actinomorphic,whorled,two (2),pentamerous,pentamerous,differentiated,more than ten (>10),more than six (>6),typical (narrow),introrse,basifixed,longitudinal slit,whorled,two (2),pentamerous,pentamerous,N/A,N/A,N/A,N/A,absent,N/A,N/A
FC_0090,Juglandaceae,Juglans,pyriformis,Juglans pyriformis,unisexual,unisexual,inferior,absent,N/A,N/A,N/A,N/A,N/A,N/A,N/A,N/A,N/A,N/A,N/A,N/A,N/A,N/A,N/A,N/A,N/A,N/A,N/A,whorled,more than five (>5),fused (>5%),,absent,N/A,N/A
FC_0091,Juglandaceae,Juglans,pyriformis,Juglans pyriformis,unisexual,unisexual,N/A,present,more than ten (>10),more than six (>6),,actinomorphic,whorled,one (1),tetramerous,tetramerous,undifferentiated,more than ten (>10),more than six (>6),typical (narrow),,basifixed,longitudinal slit,whorled,more than two (>2),N/A,N/A,N/A,N/A,N/A,N/A,absent,N/A,N/A
FC_0092,Lacistemataceae,Lacistema,aggregatum,Lacistema aggregatum,bisexual,bisexual,inferior,present,one to five (1-5),one to six (1-6),free (<5%),actinomorphic,whorled,one (1),tetramerous,tetramerous,undifferentiated,one to five (1-5),one to six (1-6),typical (narrow),,,,whorled,one (1),N/A,N/A,whorled,three (3),fused (>5%),one (1),present,discoidal,intraestaminal
FC_0093,Combretaceae,Laguncularia,racemosa,Laguncularia racemosa,unisexual,bisexual,superior,present,six to ten (6-10),more than six (>6),free (<5%),actinomorphic,whorled,two (2),pentamerous,pentamerous,differentiated,six to ten (6-10),more than six (>6),typical (narrow),introrse,dorsifixed,longitudinal slit,whorled,one (1),pentamerous,pentamerous,whorled,one (1),N/A,two (2),present,discoidal,intraestaminal
FC_0094,Combretaceae,Laguncularia,racemosa,Laguncularia racemosa,unisexual,unisexual,N/A,present,six to ten (6-10),more than six (>6),free (<5%),actinomorphic,whorled,two (2),pentamerous,pentamerous,differentiated,six to ten (6-10),more than six (>6),typical (narrow),introrse,dorsifixed,longitudinal slit,whorled,one (1),pentamerous,pentamerous,N/A,N/A,N/A,N/A,present,discoidal,intraestaminal
FC_0095,Fabaceae,Leucaena,leucocephala,Leucaena leucocephala,bisexual,bisexual,superior,present,six to ten (6-10),more than six (>6),free (<5%),actinomorphic,whorled,two (2),pentamerous,pentamerous,differentiated,six to ten (6-10),more than six (>6),typical (narrow),extrorse,dorsifixed,longitudinal slit,whorled,,pentamerous,pentamerous,whorled,one (1),N/A,three or more (>2),absent,N/A,N/A
FC_0096,Lauraceae,Licaria,capitata,Licaria capitata,bisexual,bisexual,superior,present,six to ten (6-10),one to six (1-6),fused (>5%),actinomorphic,whorled,two (2),trimerous,trimerous,differentiated,more than ten (>10),more than six (>6),typical (narrow),introrse,basifixed,flap-valvate,whorled,more than two (>2),trimerous,trimerous,whorled,two (2),,one (1),absent,N/A,N/A
FC_0097,Altingiaceae,Liquidambar,styraciflua,Liquidambar styraciflua,unisexual,bisexual,inferior,absent,N/A,N/A,N/A,N/A,N/A,N/A,N/A,N/A,N/A,more than ten (>10),more than six (>6),typical (narrow),extrorse,basifixed,longitudinal slit,whorled,one (1),dimerous,tetramerous,whorled,two (2),,one (1),absent,N/A,N/A
FC_0098,Altingiaceae,Liquidambar,styraciflua,Liquidambar styraciflua,unisexual,unisexual,N/A,present,six to ten (6-10),more than six (>6),free (<5%),actinomorphic,whorled,one (1),tetramerous,tetramerous,differentiated,one to five (1-5),one to six (1-6),typical (narrow),extrorse,basifixed,longitudinal slit,whorled,one (1),dimerous,tetramerous,N/A,N/A,N/A,N/A,absent,N/A,N/A
FC_0099,Fabaceae,Lonchocarpus,cruentus,Lonchocarpus cruentus,bisexual,bisexual,superior,present,one to five (1-5),one to six (1-6),fused (>5%),zygomorphic,whorled,two (2),pentamerous,pentamerous,differentiated,six to ten (6-10),more than six (>6),typical (narrow),,dorsifixed,longitudinal slit,whorled,one (1),N/A,N/A,whorled,one (1),N/A,one (1),absent,N/A,N/A
FC_0100,Fabaceae,Lonchocarpus,guatemalensis,Lonchocarpus guatemalensis,bisexual,bisexual,superior,present,six to ten (6-10),more than six (>6),fused (>5%),zygomorphic,whorled,two (2),pentamerous,pentamerous,differentiated,six to ten (6-10),more than six (>6),typical (narrow),,dorsifixed,longitudinal slit,whorled,one (1),N/A,N/A,whorled,one (1),N/A,three or more (>2),absent,N/A,N/A
FC_0101,Fabaceae,Lonchocarpus,heptaphyllus,Lonchocarpus heptaphyllus,bisexual,bisexual,superior,present,six to ten (6-10),more than six (>6),fused (>5%),zygomorphic,whorled,two (2),pentamerous,pentamerous,differentiated,six to ten (6-10),more than six (>6),typical (narrow),,dorsifixed,longitudinal slit,whorled,one (1),N/A,N/A,whorled,one (1),N/A,,present,,interestaminal
FC_0102,Fabaceae,Lonchocarpus,santarosanus,Lonchocarpus santarosanus,bisexual,bisexual,superior,present,one to five (1-5),one to six (1-6),fused (>5%),zygomorphic,whorled,two (2),pentamerous,pentamerous,differentiated,six to ten (6-10),more than six (>6),typical (narrow),,dorsifixed,longitudinal slit,whorled,one (1),N/A,N/A,whorled,one (1),N/A,two (2),absent,N/A,N/A
FC_0103,Fabaceae,Muellera,unifoliolata,Muellera unifoliolata,bisexual,bisexual,,present,six to ten (6-10),more than six (>6),free (<5%),zygomorphic,whorled,two (2),pentamerous,pentamerous,differentiated,six to ten (6-10),more than six (>6),typical (narrow),,basifixed,longitudinal slit,whorled,one (1),N/A,N/A,whorled,one (1),N/A,one (1),absent,N/A,N/A
FC_0104,Malvaceae,Luehea,speciosa,Luehea speciosa,bisexual,bisexual,superior,present,six to ten (6-10),more than six (>6),free (<5%),actinomorphic,whorled,two (2),pentamerous,pentamerous,differentiated,more than ten (>10),more than six (>6),typical (narrow),extrorse,dorsifixed,longitudinal slit,whorled,two (2),N/A,N/A,whorled,four or five (4-5),fused (>5%),three or more (>2),absent,N/A,N/A
FC_0105,Salicaceae,Lunania,mexicana,Lunania mexicana,unisexual,unisexual,superior,present,one to five (1-5),one to six (1-6),free (<5%),actinomorphic,whorled,one (1),dimerous,N/A,undifferentiated,six to ten (6-10),more than six (>6),typical (narrow),extrorse,dorsifixed,longitudinal slit,whorled,two (2),pentamerous,pentamerous,whorled,three (3),fused (>5%),three or more (>2),absent,N/A,N/A
FC_0106,Salicaceae,Lunania,mexicana,Lunania mexicana,unisexual,unisexual,N/A,present,one to five (1-5),one to six (1-6),free (<5%),actinomorphic,whorled,one (1),dimerous,N/A,undifferentiated,six to ten (6-10),more than six (>6),typical (narrow),extrorse,dorsifixed,longitudinal slit,whorled,two (2),pentamerous,pentamerous,whorled,three (3),fused (>5%),N/A,absent,N/A,N/A
FC_0107,Magnoliaceae,Magnolia,schiedeana,Magnolia schiedeana,bisexual,bisexual,,present,six to ten (6-10),more than six (>6),free (<5%),actinomorphic,spiral,more than two (>2),trimerous,trimerous,differentiated,more than ten (>10),more than six (>6),laminar (wide),introrse,,longitudinal slit,spiral,N/A,N/A,N/A,spiral,more than five (>5),free (<5%),one (1),absent,N/A,N/A
FC_0108,Sapotaceae,Manilkara,zapota,Manilkara zapota,bisexual,bisexual,superior,present,more than ten (>10),more than six (>6),free (<5%),actinomorphic,whorled,more than two (>2),trimerous,trimerous,differentiated,six to ten (6-10),one to six (1-6),typical (narrow),introrse,basifixed,longitudinal slit,spiral,N/A,trimerous,trimerous,whorled,more than five (>5),fused (>5%),one (1),absent,N/A,N/A
FC_0109,Icacinaceae,Mappia,racemosa,Mappia racemosa,bisexual,bisexual,superior,present,six to ten (6-10),more than six (>6),free (<5%),actinomorphic,whorled,two (2),pentamerous,pentamerous,differentiated,one to five (1-5),one to six (1-6),typical (narrow),introrse,basifixed,longitudinal slit,whorled,one (1),pentamerous,pentamerous,whorled,one (1),N/A,two (2),absent,N/A,N/A
FC_0110,Sabiaceae,Meliosma,occidentalis,Meliosma occidentalis,bisexual,bisexual,superior,present,six to ten (6-10),more than six (>6),free (<5%),actinomorphic,whorled,two (2),pentamerous,pentamerous,differentiated,one to five (1-5),one to six (1-6),laminar (wide),introrse,basifixed,H-valvate,whorled,one (1),dimerous,N/A,whorled,one (1),N/A,one (1),absent,N/A,N/A
FC_0111,Melastomataceae,Miconia,argentea,Miconia argentea,bisexual,bisexual,superior,present,six to ten (6-10),more than six (>6),free (<5%),actinomorphic,whorled,two (2),pentamerous,pentamerous,differentiated,more than ten (>10),more than six (>6),typical (narrow),introrse,basifixed,longitudinal slit,whorled,two (2),N/A,N/A,whorled,one (1),N/A,three or more (>2),absent,N/A,N/A
FC_0112,Malvaceae,Mortoniodendron,guatemalense,Mortoniodendron guatemalense,bisexual,bisexual,superior,present,six to ten (6-10),more than six (>6),free (<5%),actinomorphic,whorled,two (2),pentamerous,pentamerous,differentiated,more than ten (>10),more than six (>6),typical (narrow),,basifixed,longitudinal slit,whorled,two (2),N/A,N/A,whorled,one (1),N/A,three or more (>2),absent,N/A,N/A
FC_0113,Anacardiaceae,Mosquitoxylum,jamaicense,Mosquitoxylum jamaicense,bisexual,bisexual,superior,present,six to ten (6-10),more than six (>6),free (<5%),actinomorphic,whorled,two (2),pentamerous,pentamerous,differentiated,one to five (1-5),one to six (1-6),typical (narrow),introrse,dorsifixed,longitudinal slit,whorled,one (1),pentamerous,pentamerous,whorled,one (1),N/A,one (1),absent,N/A,N/A
FC_0114,Muntingiaceae ,Muntingia,calabura,Muntingia calabura,bisexual,bisexual,superior,present,six to ten (6-10),more than six (>6),free (<5%),actinomorphic,whorled,two (2),pentamerous,pentamerous,differentiated,more than ten (>10),more than six (>6),typical (narrow),,dorsifixed,longitudinal slit,whorled,one (1),N/A,N/A,whorled,four or five (4-5),fused (>5%),three or more (>2),absent,N/A,N/A
FC_0115,Fabaceae,Myroxylon,balsamum,Myroxylon balsamum,bisexual,bisexual,superior,present,six to ten (6-10),more than six (>6),free (<5%),zygomorphic,whorled,two (2),pentamerous,pentamerous,differentiated,six to ten (6-10),more than six (>6),typical (narrow),introrse,dorsifixed,longitudinal slit,whorled,one (1),pentamerous,pentamerous,whorled,one (1),N/A,two (2),absent,N/A,N/A
FC_0116,Lauraceae,Mespilodaphne,macrophylla,Mespilodaphne macrophylla,bisexual,bisexual,superior,present,six to ten (6-10),one to six (1-6),free (<5%),actinomorphic,whorled,two (2),trimerous,trimerous,undifferentiated,six to ten (6-10),more than six (>6),typical (narrow),latrorse,basifixed,longitudinal slit,whorled,more than two (>2),trimerous,trimerous,whorled,one (1),N/A,,present,glandular,interestaminal
FC_0117,Euphorbiaceae,Omphalea,oleifera,Omphalea oleifera,unisexual,bisexual,superior,present,one to five (1-5),one to six (1-6),fused (>5%),actinomorphic,whorled,one (1),tetramerous,tetramerous,undifferentiated,one to five (1-5),one to six (1-6),typical (narrow),,,longitudinal slit,whorled,one (1),dimerous,trimerous,whorled,one (1),N/A,one (1),absent,N/A,N/A
FC_0118,Euphorbiaceae,Omphalea,oleifera,Omphalea oleifera,unisexual,unisexual,N/A,present,one to five (1-5),one to six (1-6),fused (>5%),actinomorphic,whorled,one (1),tetramerous,tetramerous,undifferentiated,one to five (1-5),one to six (1-6),typical (narrow),,,longitudinal slit,whorled,one (1),dimerous,trimerous,whorled,one (1),N/A,one (1),absent,N/A,N/A
FC_0119,Juglandaceae,Oreomunnea,mexicana,Oreomunnea mexicana,unisexual,unisexual,inferior,present,one to five (1-5),one to six (1-6),fused (>5%),actinomorphic,whorled,one (1),tetramerous,tetramerous,undifferentiated,N/A,N/A,N/A,N/A,N/A,N/A,N/A,N/A,N/A,N/A,whorled,two (2),fused (>5%),two (2),absent,N/A,N/A
FC_0120,Juglandaceae,Oreomunnea,mexicana,Oreomunnea mexicana,unisexual,unisexual,N/A,present,one to five (1-5),one to six (1-6),fused (>5%),actinomorphic,whorled,one (1),tetramerous,tetramerous,undifferentiated,more than ten (>10),more than six (>6),typical (narrow),introrse,basifixed,longitudinal slit,whorled,two (2),N/A,N/A,N/A,N/A,N/A,N/A,absent,N/A,N/A
FC_0121,Lauraceae,Persea,schiedeana,Persea schiedeana,bisexual,bisexual,inferior,present,six to ten (6-10),more than six (>6),free (<5%),actinomorphic,whorled,one (1),trimerous,trimerous,undifferentiated,six to ten (6-10),more than six (>6),typical (narrow),introrse,basifixed,longitudinal slit,whorled,two (2),trimerous,trimerous,whorled,one (1),N/A,three or more (>2),present,,interestaminal
FC_0122,Fabaceae,Piscidia,piscipula,Piscidia piscipula,bisexual,bisexual,superior,present,more than ten (>10),more than six (>6),fused (>5%),zygomorphic,whorled,two (2),pentamerous,pentamerous,differentiated,six to ten (6-10),more than six (>6),typical (narrow),,,,whorled,one (1),,,whorled,one (1),N/A,one (1),present,discoidal,interestaminal
FC_0123,Fabaceae,Platymiscium,pinnatum,Platymiscium pinnatum,bisexual,bisexual,,present,six to ten (6-10),more than six (>6),fused (>5%),zygomorphic,whorled,two (2),pentamerous,pentamerous,differentiated,six to ten (6-10),more than six (>6),typical (narrow),introrse,dorsifixed,longitudinal slit,whorled,one (1),pentamerous,pentamerous,whorled,one (1),N/A,one (1),absent,N/A,N/A
FC_0124,Burseraceae,Protium,copal,Protium copal,unisexual,bisexual,inferior,present,six to ten (6-10),more than six (>6),free (<5%),actinomorphic,whorled,two (2),tetramerous,pentamerous,differentiated,six to ten (6-10),more than six (>6),typical (narrow),extrorse,dorsifixed,longitudinal slit,whorled,one (1),N/A,N/A,whorled,four or five (4-5),fused (>5%),,present,discoidal,
FC_0125,Fabaceae,Pterocarpus,rohrii,Pterocarpus rohrii,bisexual,bisexual,superior,present,six to ten (6-10),more than six (>6),fused (>5%),zygomorphic,whorled,two (2),pentamerous,pentamerous,differentiated,six to ten (6-10),more than six (>6),typical (narrow),,dorsifixed,longitudinal slit,whorled,one (1),pentamerous,pentamerous,whorled,one (1),N/A,one (1),absent,N/A,N/A
FC_0126,Malvaceae,Quararibea,funebris,Quararibea funebris,bisexual,bisexual,superior,present,more than ten (>10),more than six (>6),fused (>5%),actinomorphic,whorled,two (2),pentamerous,pentamerous,differentiated,more than ten (>10),more than six (>6),typical (narrow),,,,,one (1),,,whorled,two (2),fused (>5%),two (2),,,
FC_0127,Fagaceae,Quercus,acutifolia,Quercus acutifolia,unisexual,unisexual,inferior,present,one to five (1-5),one to six (1-6),fused (>5%),actinomorphic,whorled,one (1),tetramerous,tetramerous,differentiated,N/A,N/A,N/A,N/A,N/A,N/A,N/A,N/A,N/A,N/A,whorled,three (3),fused (>5%),two (2),absent,N/A,N/A
FC_0128,Fagaceae,Quercus,oleoides,Quercus oleoides,unisexual,unisexual,inferior,present,one to five (1-5),one to six (1-6),fused (>5%),actinomorphic,whorled,one (1),tetramerous,tetramerous,differentiated,N/A,N/A,N/A,N/A,N/A,N/A,N/A,N/A,N/A,N/A,whorled,three (3),fused (>5%),two (2),absent,N/A,N/A
FC_0129,Fagaceae,Quercus,skinneri,Quercus skinneri,unisexual,unisexual,inferior,present,one to five (1-5),one to six (1-6),fused (>5%),actinomorphic,whorled,one (1),tetramerous,tetramerous,differentiated,N/A,N/A,N/A,N/A,N/A,N/A,N/A,N/A,N/A,N/A,whorled,three (3),fused (>5%),two (2),absent,N/A,N/A
FC_0130,Clusiaceae,Garcinia,intermedia,Garcinia intermedia,unisexual,bisexual,superior,present,six to ten (6-10),more than six (>6),fused (>5%),actinomorphic,whorled,two (2),tetramerous,tetramerous,differentiated,more than ten (>10),more than six (>6),,extrorse,dorsifixed,longitudinal slit,whorled,,N/A,N/A,whorled,four or five (4-5),fused (>5%),one (1),absent,N/A,N/A
FC_0131,Arecaceae,Roystonea,dunlapiana,Roystonea dunlapiana,unisexual,unisexual,superior,present,six to ten (6-10),one to six (1-6),fused (>5%),actinomorphic,whorled,one (1),trimerous,trimerous,differentiated,N/A,N/A,N/A,N/A,N/A,N/A,N/A,N/A,N/A,N/A,whorled,one (1),N/A,one (1),absent,N/A,N/A
FC_0132,Arecaceae,Sabal,mexicana,Sabal mexicana,bisexual,bisexual,superior,present,six to ten (6-10),one to six (1-6),fused (>5%),actinomorphic,spiral,N/A,trimerous,trimerous,differentiated,six to ten (6-10),one to six (1-6),typical (narrow),,dorsifixed,longitudinal slit,spiral,N/A,trimerous,trimerous,whorled,three (3),fused (>5%),one (1),absent,N/A,N/A
FC_0133,Actinidiaceae,Saurauia,scabrida,Saurauia scabrida,unisexual,bisexual,superior,present,six to ten (6-10),more than six (>6),fused (>5%),actinomorphic,whorled,two (2),pentamerous,pentamerous,differentiated,more than ten (>10),more than six (>6),typical (narrow),extrorse,dorsifixed,longitudinal slit,whorled,one (1),pentamerous,pentamerous,whorled,four or five (4-5),fused (>5%),three or more (>2),absent,N/A,N/A
FC_0134,Actinidiaceae,Saurauia,yasicae,Saurauia yasicae,bisexual,bisexual,superior,present,six to ten (6-10),more than six (>6),free (<5%),actinomorphic,whorled,two (2),tetramerous,tetramerous,differentiated,more than ten (>10),more than six (>6),typical (narrow),extrorse,dorsifixed,longitudinal slit,whorled,one (1),N/A,N/A,whorled,four or five (4-5),fused (>5%),three or more (>2),absent,N/A,N/A
FC_0135,Fabaceae,Schizolobium,parahyba,Schizolobium parahyba,bisexual,bisexual,superior,present,six to ten (6-10),more than six (>6),fused (>5%),zygomorphic,whorled,one (1),pentamerous,pentamerous,differentiated,six to ten (6-10),more than six (>6),typical (narrow),extrorse,dorsifixed,longitudinal slit,whorled,one (1),pentamerous,pentamerous,whorled,one (1),N/A,three or more (>2),absent,N/A,N/A
FC_0136,Elaeocarpaceae,Sloanea,terniflora,Sloanea terniflora,bisexual,bisexual,superior,present,one to five (1-5),one to six (1-6),free (<5%),actinomorphic,whorled,one (1),tetramerous,tetramerous,undifferentiated,more than ten (>10),more than six (>6),laminar (wide),N/A,basifixed,longitudinal slit,whorled,N/A,N/A,N/A,whorled,four or five (4-5),fused (>5%),three or more (>2),absent,N/A,N/A
FC_0137,Anacardiaceae,Spondias,mombin,Spondias mombin,unisexual,unisexual,superior,present,one to five (1-5),one to six (1-6),free (<5%),actinomorphic,whorled,one (1),pentamerous,pentamerous,undifferentiated,N/A,N/A,N/A,N/A,N/A,N/A,N/A,N/A,N/A,N/A,whorled,four or five (4-5),fused (>5%),one (1),present,discoidal,intraestaminal
FC_0138,Anacardiaceae,Spondias,radlkoferi,Spondias radlkoferi,unisexual,unisexual,superior,present,six to ten (6-10),more than six (>6),free (<5%),actinomorphic,whorled,two (2),pentamerous,pentamerous,differentiated,six to ten (6-10),more than six (>6),typical (narrow),introrse,,longitudinal slit,whorled,two (2),N/A,N/A,whorled,four or five (4-5),fused (>5%),one (1),present,discoidal,intraestaminal
FC_0139,Apocynaceae,Tabernaemontana,donnell-smithii,Tabernaemontana donnell-smithii,bisexual,bisexual,superior,present,six to ten (6-10),more than six (>6),fused (>5%),actinomorphic,whorled,two (2),pentamerous,pentamerous,differentiated,one to five (1-5),one to six (1-6),N/A,,basifixed,longitudinal slit,whorled,one (1),pentamerous,pentamerous,whorled,two (2),free (<5%),three or more (>2),present,,
FC_0140,Fabaceae,Swartzia,guatemalensis,Swartzia guatemalensis,bisexual,bisexual,inferior,present,one to five (1-5),one to six (1-6),fused (>5%),zygomorphic,whorled,two (2),pentamerous,pentamerous,differentiated,six to ten (6-10),more than six (>6),typical (narrow),introrse,basifixed,longitudinal slit,whorled,more than two (>2),N/A,N/A,whorled,one (1),N/A,three or more (>2),absent,N/A,N/A
FC_0141,Bignoniaceae,Tabebuia,rosea,Tabebuia rosea,bisexual,bisexual,superior,present,six to ten (6-10),more than six (>6),fused (>5%),zygomorphic,whorled,two (2),pentamerous,pentamerous,differentiated,six to ten (6-10),more than six (>6),typical (narrow),,dorsifixed,longitudinal slit,,,pentamerous,pentamerous,whorled,three (3),fused (>5%),two (2),present,discoidal,intraestaminal
FC_0142,Anacardiaceae,Tapirira,mexicana,Tapirira mexicana,unisexual,bisexual,superior,present,six to ten (6-10),more than six (>6),free (<5%),actinomorphic,whorled,two (2),pentamerous,pentamerous,differentiated,six to ten (6-10),more than six (>6),typical (narrow),introrse,,longitudinal slit,whorled,two (2),N/A,N/A,whorled,three (3),fused (>5%),one (1),absent,N/A,N/A
FC_0143,Combretaceae,Terminalia,amazonia,Terminalia amazonia,bisexual,bisexual,inferior,present,one to five (1-5),one to six (1-6),fused (>5%),actinomorphic,whorled,one (1),tetramerous,pentamerous,undifferentiated,more than ten (>10),more than six (>6),typical (narrow),extrorse,basifixed,longitudinal slit,whorled,two (2),pentamerous,pentamerous,whorled,one (1),N/A,two (2),absent,N/A,N/A
FC_0144,Cannabaceae,Trema,micranthum,Trema micranthum,bisexual,bisexual,superior,present,one to five (1-5),one to six (1-6),fused (>5%),actinomorphic,whorled,one (1),tetramerous,pentamerous,undifferentiated,one to five (1-5),one to six (1-6),typical (narrow),introrse,basifixed,longitudinal slit,whorled,one (1),pentamerous,pentamerous,whorled,one (1),N/A,one (1),absent,N/A,N/A
FC_0145,Malvaceae,Trichospermum,mexicanum,Trichospermum mexicanum,unisexual,bisexual,superior,present,one to five (1-5),one to six (1-6),free (<5%),actinomorphic,whorled,two (2),pentamerous,pentamerous,differentiated,more than ten (>10),more than six (>6),typical (narrow),,,,,,,,whorled,one (1),fused (>5%),,,,
FC_0146,Ulmaceae,Ulmus,mexicana,Ulmus mexicana,bisexual,bisexual,superior,present,one to five (1-5),one to six (1-6),fused (>5%),actinomorphic,whorled,one (1),pentamerous,pentamerous,undifferentiated,one to five (1-5),one to six (1-6),typical (narrow),,,,,,,,whorled,two (2),fused (>5%),one (1),,,
FC_0147,Anacardiaceae,Astronium,graveolens,Astronium graveolens,unisexual,bisexual,superior,present,six to ten (6-10),more than six (>6),free (<5%),actinomorphic,whorled,two (2),pentamerous,pentamerous,differentiated,six to ten (6-10),more than six (>6),typical (narrow),introrse,dorsifixed,longitudinal slit,whorled,one (1),pentamerous,pentamerous,whorled,three (3),fused (>5%),one (1),present,discoidal,intraestaminal
FC_0148,Fabaceae,Enterolobium,cyclocarpum,Enterolobium cyclocarpum,bisexual,bisexual,superior,present,six to ten (6-10),more than six (>6),fused (>5%),actinomorphic,whorled,two (2),pentamerous,pentamerous,differentiated,more than ten (>10),more than six (>6),typical (narrow),,dorsifixed,,whorled,more than two (>2),N/A,N/A,whorled,one (1),N/A,three or more (>2),absent,N/A,N/A
FC_0149,Cactaceae,Selenicereus,undatus,Selenicereus undatus,bisexual,bisexual,inferior,present,more than ten (>10),more than six (>6),fused (>5%),actinomorphic,whorled,one (1),N/A,N/A,undifferentiated,more than ten (>10),more than six (>6),typical (narrow),,basifixed,,whorled,more than two (>2),N/A,N/A,whorled,more than five (>5),fused (>5%),,present,,interestaminal
FC_0150,Betulaceae,Carpinus,caroliniana,Carpinus caroliniana,unisexual,unisexual,inferior,absent,N/A,N/A,N/A,N/A,N/A,N/A,N/A,N/A,N/A,N/A,N/A,N/A,N/A,N/A,N/A,N/A,N/A,N/A,N/A,whorled,two (2),fused (>5%),one (1),absent,N/A,N/A
FC_0151,Euphorbiaceae ,Cnidoscolus,aconitifolius,Cnidoscolus aconitifolius,unisexual,bisexual,superior,present,one to five (1-5),one to six (1-6),free (<5%),actinomorphic,whorled,one (1),tetramerous,pentamerous,undifferentiated,one to five (1-5),more than six (>6),typical (narrow),,,,whorled,more than two (>2),N/A,N/A,whorled,four or five (4-5),fused (>5%),one (1),present,discoidal,extraestaminal
FC_0152,Celastraceae,Quetzalia,contracta,Quetzalia contracta,unisexual,bisexual,,present,six to ten (6-10),more than six (>6),free (<5%),actinomorphic,whorled,two (2),tetramerous,pentamerous,differentiated,one to five (1-5),one to six (1-6),typical (narrow),introrse,,longitudinal slit,whorled,one (1),tetramerous,pentamerous,whorled,two (2),fused (>5%),two (2),absent,N/A,N/A
FC_0153,Capparaceae ,Morisonia,pringlei,Morisonia pringlei,bisexual,bisexual,superior,present,six to ten (6-10),more than six (>6),free (<5%),actinomorphic,whorled,two (2),tetramerous,tetramerous,differentiated,more than ten (>10),more than six (>6),typical (narrow),,basifixed,longitudinal slit,whorled,more than two (>2),N/A,N/A,whorled,one (1),N/A,three or more (>2),present,glandular,extraestaminal
FC_0154,Bignoniaceae,Amphilophium,paniculatum,Amphilophium paniculatum,bisexual,bisexual,superior,present,more than ten (>10),more than six (>6),fused (>5%),zygomorphic,whorled,more than two (>2),pentamerous,pentamerous,differentiated,one to five (1-5),one to six (1-6),typical (narrow),extrorse,dorsifixed,H-valvate,whorled,one (1),tetramerous,tetramerous,whorled,two (2),fused (>5%),three or more (>2),present,discoidal,
FC_0155,Malpighiaceae,Heteropterys,intermedia,Heteropterys intermedia,bisexual,bisexual,superior,present,six to ten (6-10),more than six (>6),fused (>5%),zygomorphic,whorled,two (2),pentamerous,pentamerous,differentiated,six to ten (6-10),more than six (>6),typical (narrow),introrse,basifixed,longitudinal slit,whorled,two (2),pentamerous,pentamerous,whorled,three (3),fused (>5%),,absent,N/A,N/A
FC_0156,Apocynaceae,Prestonia,longifolia,Prestonia longifolia,bisexual,bisexual,superior,present,more than ten (>10),more than six (>6),fused (>5%),actinomorphic,whorled,two (2),N/A,N/A,differentiated,one to five (1-5),one to six (1-6),typical (narrow),,dorsifixed,longitudinal slit,whorled,one (1),pentamerous,pentamerous,whorled,two (2),free (<5%),three or more (>2),present,,intraestaminal
FC_0157,Apocynaceae,Prestonia,speciosa,Prestonia speciosa,bisexual,bisexual,superior,present,more than ten (>10),more than six (>6),fused (>5%),actinomorphic,whorled,two (2),N/A,N/A,differentiated,one to five (1-5),one to six (1-6),,,dorsifixed,longitudinal slit,whorled,one (1),pentamerous,pentamerous,whorled,two (2),free (<5%),three or more (>2),present,,intraestaminal
FC_0158,Apocynaceae,Prestonia,mexicana,Prestonia mexicana,bisexual,bisexual,superior,present,more than ten (>10),more than six (>6),fused (>5%),actinomorphic,whorled,two (2),pentamerous,pentamerous,differentiated,one to five (1-5),one to six (1-6),typical (narrow),introrse,basifixed,longitudinal slit,whorled,one (1),pentamerous,pentamerous,whorled,two (2),free (<5%),three or more (>2),present,glandular,intraestaminal
FC_0159,Malpighiaceae,Stigmaphyllon,retusum,Stigmaphyllon retusum,bisexual,bisexual,superior,present,six to ten (6-10),more than six (>6),fused (>5%),zygomorphic,whorled,two (2),pentamerous,pentamerous,differentiated,six to ten (6-10),more than six (>6),typical (narrow),introrse,,longitudinal slit,whorled,two (2),pentamerous,pentamerous,whorled,three (3),free (<5%),one (1),absent,N/A,N/A
FC_0160,Arecaceae,Brahea,calcarea,Brahea calcarea,bisexual,bisexual,superior,present,six to ten (6-10),one to six (1-6),fused (>5%),actinomorphic,whorled,one (1),trimerous,trimerous,differentiated,six to ten (6-10),one to six (1-6),typical (narrow),,dorsifixed,,spiral,N/A,trimerous,trimerous,whorled,three (3),fused (>5%),,absent,N/A,N/A
FC_0161,Malpighiaceae,Bunchosia,lindeniana,Bunchosia lindeniana,bisexual,bisexual,superior,present,six to ten (6-10),more than six (>6),free (<5%),zygomorphic,whorled,two (2),tetramerous,tetramerous,differentiated,six to ten (6-10),more than six (>6),typical (narrow),introrse,,longitudinal slit,,,,,whorled,two (2),fused (>5%),,absent,N/A,N/A
FC_0162,Arecaceae,Chamaedorea,plumosa,Chamaedorea plumosa,unisexual,unisexual,,present,six to ten (6-10),one to six (1-6),fused (>5%),actinomorphic,whorled,one (1),trimerous,trimerous,differentiated,N/A,N/A,N/A,N/A,N/A,N/A,N/A,N/A,N/A,N/A,whorled,three (3),fused (>5%),,absent,N/A,N/A
FC_0163,Caricaceae,Jarilla,heterophylla,Jarilla heterophylla,unisexual,unisexual,superior,present,six to ten (6-10),more than six (>6),free (<5%),actinomorphic,whorled,one (1),pentamerous,pentamerous,undifferentiated,N/A,N/A,N/A,N/A,N/A,N/A,N/A,N/A,N/A,N/A,whorled,four or five (4-5),fused (>5%),three or more (>2),absent,N/A,N/A
FC_0164,Acanthaceae,Ruellia,inundata,Ruellia inundata,bisexual,bisexual,superior,present,six to ten (6-10),more than six (>6),fused (>5%),zygomorphic,whorled,two (2),pentamerous,pentamerous,differentiated,one to five (1-5),one to six (1-6),typical (narrow),introrse,basifixed,longitudinal slit,whorled,two (2),dimerous,N/A,whorled,two (2),fused (>5%),three or more (>2),present,discoidal,intraestaminal
FC_0165,Acanthaceae,Ruellia,jussieuoides,Ruellia jussieuoides,bisexual,bisexual,superior,present,six to ten (6-10),more than six (>6),fused (>5%),zygomorphic,whorled,two (2),pentamerous,pentamerous,differentiated,one to five (1-5),one to six (1-6),typical (narrow),introrse,basifixed,longitudinal slit,whorled,one (1),dimerous,N/A,whorled,two (2),fused (>5%),three or more (>2),present,discoidal,intraestaminal
FC_0166,Commelinaceae,Tradescantia,zanonia,Tradescantia zanonia,bisexual,bisexual,,present,six to ten (6-10),one to six (1-6),free (<5%),actinomorphic,whorled,two (2),trimerous,trimerous,differentiated,six to ten (6-10),one to six (1-6),typical (narrow),,,longitudinal slit,whorled,one (1),trimerous,trimerous,whorled,three (3),fused (>5%),two (2),absent,N/A,N/A
FC_0167,Actinidiaceae,Saurauia,scabrida,Saurauia scabrida,unisexual,unisexual,N/A,present,six to ten (6-10),more than six (>6),fused (>5%),actinomorphic,whorled,two (2),pentamerous,pentamerous,differentiated,more than ten (>10),more than six (>6),typical (narrow),extrorse,dorsifixed,longitudinal slit,whorled,one (1),pentamerous,pentamerous,N/A,N/A,N/A,N/A,absent,N/A,N/A
FC_0168,Anacardiaceae,Spondias,mombin,Spondias mombin,unisexual,unisexual,N/A,present,six to ten (6-10),more than six (>6),free (<5%),actinomorphic,whorled,two (2),pentamerous,pentamerous,differentiated,six to ten (6-10),more than six (>6),typical (narrow),introrse,basifixed,longitudinal slit,whorled,two (2),N/A,N/A,whorled,four or five (4-5),fused (>5%),one (1),present,discoidal,intraestaminal
FC_0169,Anacardiaceae,Spondias,radlkoferi,Spondias radlkoferi,unisexual,unisexual,N/A,present,six to ten (6-10),more than six (>6),free (<5%),actinomorphic,whorled,two (2),pentamerous,pentamerous,differentiated,six to ten (6-10),more than six (>6),typical (narrow),introrse,,longitudinal slit,whorled,two (2),N/A,N/A,whorled,four or five (4-5),fused (>5%),N/A,present,discoidal,intraestaminal
FC_0170,Anacardiaceae,Tapirira,mexicana,Tapirira mexicana,unisexual,bisexual,N/A,present,six to ten (6-10),more than six (>6),free (<5%),actinomorphic,whorled,two (2),pentamerous,pentamerous,differentiated,six to ten (6-10),more than six (>6),typical (narrow),introrse,,longitudinal slit,whorled,two (2),N/A,N/A,whorled,three (3),fused (>5%),N/A,absent,N/A,N/A
FC_0171,Anacardiaceae,Astronium,graveolens,Astronium graveolens,unisexual,bisexual,N/A,present,six to ten (6-10),more than six (>6),free (<5%),actinomorphic,whorled,two (2),pentamerous,pentamerous,differentiated,six to ten (6-10),more than six (>6),typical (narrow),introrse,dorsifixed,longitudinal slit,whorled,one (1),pentamerous,pentamerous,N/A,N/A,N/A,N/A,present,discoidal,intraestaminal
FC_0172,Arecaceae,Roystonea,dunlapiana,Roystonea dunlapiana,unisexual,unisexual,N/A,present,six to ten (6-10),one to six (1-6),fused (>5%),actinomorphic,whorled,one (1),trimerous,trimerous,differentiated,six to ten (6-10),one to six (1-6),typical (narrow),,dorsifixed,longitudinal slit,spiral,N/A,trimerous,trimerous,N/A,N/A,N/A,N/A,absent,N/A,N/A
FC_0173,Arecaceae,Chamaedorea,plumosa,Chamaedorea plumosa,unisexual,unisexual,N/A,present,six to ten (6-10),one to six (1-6),fused (>5%),actinomorphic,whorled,one (1),trimerous,trimerous,differentiated,six to ten (6-10),one to six (1-6),typical (narrow),,dorsifixed,,whorled,one (1),trimerous,trimerous,N/A,N/A,N/A,N/A,absent,N/A,N/A
FC_0174,Betulaceae,Carpinus,caroliniana,Carpinus caroliniana,unisexual,unisexual,N/A,present,,,fused (>5%),actinomorphic,,,,,undifferentiated,six to ten (6-10),more than six (>6),typical (narrow),,dorsifixed,longitudinal slit,,,N/A,N/A,N/A,N/A,N/A,N/A,absent,N/A,N/A
FC_0175,Burseraceae,Protium,copal,Protium copal,unisexual,bisexual,N/A,present,six to ten (6-10),more than six (>6),free (<5%),actinomorphic,whorled,two (2),tetramerous,pentamerous,differentiated,six to ten (6-10),more than six (>6),typical (narrow),extrorse,dorsifixed,longitudinal slit,whorled,one (1),N/A,N/A,whorled,four or five (4-5),fused (>5%),,present,discoidal,
FC_0176,Caricaceae,Jarilla,heterophylla,Jarilla heterophylla,unisexual,unisexual,N/A,present,six to ten (6-10),more than six (>6),fused (>5%),actinomorphic,whorled,two (2),pentamerous,pentamerous,differentiated,more than ten (>10),more than six (>6),typical (narrow),,,,,,pentamerous,pentamerous,N/A,N/A,N/A,N/A,absent,N/A,N/A
FC_0177,Clusiaceae,Garcinia,intermedia,Garcinia intermedia,unisexual,bisexual,N/A,present,six to ten (6-10),more than six (>6),fused (>5%),actinomorphic,whorled,two (2),tetramerous,tetramerous,differentiated,more than ten (>10),more than six (>6),,extrorse,dorsifixed,longitudinal slit,whorled,,N/A,N/A,whorled,four or five (4-5),fused (>5%),one (1),absent,N/A,N/A
FC_0178,Fagaceae,Quercus,acutifolia,Quercus acutifolia,unisexual,unisexual,N/A,present,one to five (1-5),one to six (1-6),fused (>5%),actinomorphic,whorled,one (1),tetramerous,tetramerous,differentiated,more than ten (>10),more than six (>6),typical (narrow),extrorse,dorsifixed,longitudinal slit,whorled,one (1),pentamerous,pentamerous,N/A,N/A,N/A,N/A,absent,N/A,N/A
FC_0179,Fagaceae,Quercus,oleoides,Quercus oleoides,unisexual,unisexual,N/A,present,one to five (1-5),one to six (1-6),fused (>5%),actinomorphic,whorled,one (1),tetramerous,tetramerous,differentiated,more than ten (>10),more than six (>6),typical (narrow),extrorse,dorsifixed,longitudinal slit,whorled,one (1),tetramerous,tetramerous,N/A,N/A,N/A,N/A,absent,N/A,N/A
FC_0180,Fagaceae,Quercus,skinneri,Quercus skinneri,unisexual,unisexual,N/A,present,one to five (1-5),one to six (1-6),fused (>5%),actinomorphic,whorled,one (1),tetramerous,tetramerous,differentiated,more than ten (>10),more than six (>6),typical (narrow),extrorse,dorsifixed,longitudinal slit,whorled,one (1),,,N/A,N/A,N/A,N/A,absent,N/A,N/A
