Numero,Orden,Familia,Genero,Especie ,Nombre completo ,,100_A.,100_B.,102_B.,201_A.,201_B.,204_A.,207_A.,230_A.,231_A.,232_A.,234_A.,tepalos,caliz,corola,301_B.,305_A.,311_A.,312_A.,313_A.,330_A.,331_A.,332_A.,400_A.,401_B.,403_A.,411_A.,500_A.,501_A.,502_A.
1,lamiales,Acanthaceae,Ruellia,inundata,Ruellia inundata,Ruellia inundata,bisexual,bisexual,Superior,present,six to ten (6-10),fused (>5%),zygomorphic,whorled,two (2),pentamerous,differentiated,0,3,3,one to five (1-5),typical (narrow),introrse,basifixed,longitudinal slit,whorled,two (2),dimerous,whorled,two (2),fused (>5%),three or more (>2),present,discoidal,intraestaminal
2,lamiales,Acanthaceae,Ruellia,jussieuoides,Ruellia jussieuoides,Ruellia jussieuoides,bisexual,bisexual,Superior,present,six to ten (6-10),fused (>5%),zygomorphic,whorled,two (2),pentamerous,differentiated,0,5,5,one to five (1-5),typical (narrow),introrse,basifixed,longitudinal slit,whorled,one (1),dimerous,whorled,two (2),fused (>5%),three or more (>2),present,discoidal,intraestaminal
3,lamiales,Acanthaceae ,Avicennia,germinans,Avicennia germinans,Avicennia germinans,bisexual,bisexual,Superior,present,six to ten (6-10),fused (>5%),zygomorphic,whorled,two (2),pentamerous,differentiated,0,4,4,one to five (1-5),typical (narrow),extrorse,basifixed,longitudinal slit,whorled,one (1),tetramerous,whorled,one (1),N/A,three or more (>2),present,,
4,lamiales,Acanthaceae ,Avicennia,germinans,Avicennia germinans,Avicennia germinans,bisexual,bisexual,Superior,present,six to ten (6-10),fused (>5%),zygomorphic,whorled,two (2),pentamerous,differentiated,0,5,4,one to five (1-5),typical (narrow),extrorse,basifixed,longitudinal slit,whorled,one (1),tetramerous,whorled,one (1),N/A,three or more (>2),present,,
5,lamiales,Acanthaceae ,Avicennia,germinans,Avicennia germinans,Avicennia germinans,bisexual,bisexual,Superior,present,six to ten (6-10),fused (>5%),zygomorphic,whorled,two (2),pentamerous,differentiated,0,6,4,one to five (1-5),typical (narrow),extrorse,basifixed,longitudinal slit,whorled,one (1),tetramerous,whorled,one (1),N/A,three or more (>2),present,,
6,lamiales,Actinidiaceae,Saurauia,scabrida,Saurauia scabrida,Saurauia scabrida,unisexual,bisexual,Superior,present,six to ten (6-10),fused (>5%),actinomorphic,whorled,two (2),pentamerous,differentiated,0,5,5,more than ten (>10),typical (narrow),extrorse,dorsifixed,longitudinal slit,whorled,one (1),pentamerous,whorled,four or five (4-5),fused (>5%),three or more (>2),absent,N/A,N/A
7,lamiales,Actinidiaceae,Saurauia,scabrida,Saurauia scabrida,Saurauia scabrida,unisexual,bisexual,Superior,present,six to ten (6-10),fused (>5%),actinomorphic,whorled,two (2),pentamerous,differentiated,0,4,5,more than ten (>10),typical (narrow),extrorse,dorsifixed,longitudinal slit,whorled,one (1),pentamerous,whorled,four or five (4-5),fused (>5%),three or more (>2),absent,N/A,N/A
8,lamiales,Actinidiaceae,Saurauia,scabrida,Saurauia scabrida,Saurauia scabrida,unisexual,unisexual,N/A,present,six to ten (6-10),fused (>5%),actinomorphic,whorled,two (2),pentamerous,differentiated,0,4,5,more than ten (>10),typical (narrow),extrorse,dorsifixed,longitudinal slit,whorled,one (1),pentamerous,N/A,N/A,N/A,N/A,absent,N/A,N/A
9,lamiales,Actinidiaceae,Saurauia,yasicae,Saurauia yasicae,Saurauia yasicae,bisexual,bisexual,Superior,present,six to ten (6-10),free (<5%),actinomorphic,whorled,two (2),tetramerous,differentiated,0,4,4,more than ten (>10),typical (narrow),extrorse,dorsifixed,longitudinal slit,whorled,one (1),N/A,whorled,four or five (4-5),fused (>5%),three or more (>2),absent,N/A,N/A
10,lamiales,Actinidiaceae,Saurauia,scabrida,Schizolobium parahyba,Schizolobium parahyba,bisexual,bisexual,superior,present,six to ten (6-10),fused (>5%),zygomorphic,whorled,one (1),pentamerous,differentiated,0,5,5,six to ten (6-10),typical (narrow),extrorse,dorsifixed,longitudinal slit,whorled,one (1),pentamerous,whorled,one (1),N/A,three or more (>2),absent,N/A,N/A
11,Saxifragales,Altingiaceae,Liquidambar,styraciflua,Liquidambar styraciflua,Liquidambar styraciflua,unisexual,bisexual,inferior,absent,N/A,N/A,N/A,N/A,N/A,N/A,N/A,0,0,0,more than ten (>10),typical (narrow),extrorse,basifixed,longitudinal slit,whorled,one (1),dimerous,whorled,two (2),,one (1),absent,N/A,N/A
12,Saxifragales,Altingiaceae,Liquidambar,styraciflua,Liquidambar styraciflua,Liquidambar styraciflua,unisexual,unisexual,N/A,present,six to ten (6-10),free (<5%),actinomorphic,whorled,one (1),tetramerous,differentiated,0,4,0,one to five (1-5),typical (narrow),extrorse,basifixed,longitudinal slit,whorled,one (1),dimerous,N/A,N/A,N/A,N/A,absent,N/A,N/A
13,Sapindales,Anacardiaceae,Astronium,graveolens,Astronium graveolens,Astronium graveolens,unisexual,bisexual,Superior,present,six to ten (6-10),free (<5%),actinomorphic,whorled,two (2),pentamerous,differentiated,0,5,5,six to ten (6-10),typical (narrow),introrse,dorsifixed,longitudinal slit,whorled,one (1),pentamerous,whorled,three (3),fused (>5%),one (1),present,discoidal,intraestaminal
14,Sapindales,Anacardiaceae,Astronium,graveolens,Astronium graveolens,Astronium graveolens,unisexual,bisexual,N/A,present,six to ten (6-10),free (<5%),actinomorphic,whorled,two (2),pentamerous,differentiated,0,5,5,six to ten (6-10),typical (narrow),introrse,dorsifixed,longitudinal slit,whorled,one (1),pentamerous,N/A,N/A,N/A,N/A,present,discoidal,intraestaminal
15,Sapindales,Anacardiaceae,Mosquitoxylum,jamaicense,Mosquitoxylum jamaicense,Mosquitoxylum jamaicense,bisexual,bisexual,superior,present,six to ten (6-10),free (<5%),actinomorphic,whorled,two (2),pentamerous,differentiated,0,5,5,one to five (1-5),typical (narrow),introrse,dorsifixed,longitudinal slit,whorled,one (1),pentamerous,whorled,one (1),N/A,one (1),absent,N/A,N/A
16,Sapindales,Anacardiaceae,Spondias,mombin,Spondias mombin,Spondias mombin,unisexual,unisexual,Superior,present,one to five (1-5),free (<5%),actinomorphic,whorled,one (1),pentamerous,differentiated,0,5,5,N/A,N/A,N/A,N/A,N/A,N/A,N/A,N/A,whorled,four or five (4-5),fused (>5%),one (1),present,discoidal,intraestaminal
17,Sapindales,Anacardiaceae,Spondias,mombin,Spondias mombin,Spondias mombin,unisexual,unisexual,N/A,present,six to ten (6-10),free (<5%),actinomorphic,whorled,two (2),pentamerous,differentiated,0,5,5,six to ten (6-10),typical (narrow),introrse,basifixed,longitudinal slit,whorled,two (2),N/A,whorled,four or five (4-5),fused (>5%),one (1),present,discoidal,intraestaminal
18,Sapindales,Anacardiaceae,Spondias,mombin,Spondias mombin,Spondias mombin,unisexual,unisexual,Superior,present,one to five (1-5),free (<5%),actinomorphic,whorled,one (1),pentamerous,differentiated,0,6,6,N/A,N/A,N/A,N/A,N/A,N/A,N/A,N/A,whorled,four or five (4-5),fused (>5%),one (1),present,discoidal,intraestaminal
19,Sapindales,Anacardiaceae,Spondias,mombin,Spondias mombin,Spondias mombin,unisexual,unisexual,N/A,present,six to ten (6-10),free (<5%),actinomorphic,whorled,two (2),pentamerous,differentiated,0,6,6,six to ten (6-10),typical (narrow),introrse,basifixed,longitudinal slit,whorled,two (2),N/A,whorled,four or five (4-5),fused (>5%),one (1),present,discoidal,intraestaminal
20,Sapindales,Anacardiaceae,Spondias,radlkoferi,Spondias radlkoferi,Spondias radlkoferi,unisexual,unisexual,Superior,present,six to ten (6-10),free (<5%),actinomorphic,whorled,two (2),pentamerous,differentiated,0,5,5,six to ten (6-10),typical (narrow),introrse,,longitudinal slit,whorled,two (2),N/A,whorled,four or five (4-5),fused (>5%),one (1),present,discoidal,intraestaminal
21,Sapindales,Anacardiaceae,Spondias,radlkoferi,Spondias radlkoferi,Spondias radlkoferi,unisexual,unisexual,N/A,present,six to ten (6-10),free (<5%),actinomorphic,whorled,two (2),pentamerous,differentiated,0,5,5,six to ten (6-10),typical (narrow),introrse,,longitudinal slit,whorled,two (2),N/A,whorled,four or five (4-5),fused (>5%),N/A,present,discoidal,intraestaminal
22,Sapindales,Anacardiaceae,Tapirira,mexicana,Tapirira mexicana,Tapirira mexicana,unisexual,bisexual,Superior,present,six to ten (6-10),free (<5%),actinomorphic,whorled,two (2),tetramerous,differentiated,0,4,4,six to ten (6-10),typical (narrow),introrse,,longitudinal slit,whorled,two (2),N/A,whorled,three (3),fused (>5%),one (1),absent,N/A,N/A
23,Sapindales,Anacardiaceae,Tapirira,mexicana,Tapirira mexicana,Tapirira mexicana,unisexual,bisexual,N/A,present,six to ten (6-10),free (<5%),actinomorphic,whorled,two (2),tetramerous,differentiated,0,5,4,six to ten (6-10),typical (narrow),introrse,,longitudinal slit,whorled,two (2),N/A,whorled,three (3),fused (>5%),N/A,absent,N/A,N/A
24,Sapindales,Anacardiaceae,Tapirira,mexicana,Tapirira mexicana,Tapirira mexicana,unisexual,bisexual,Superior,present,six to ten (6-10),free (<5%),actinomorphic,whorled,two (2),tetramerous,differentiated,0,5,4,six to ten (6-10),typical (narrow),introrse,,longitudinal slit,whorled,two (2),N/A,whorled,three (3),fused (>5%),one (1),absent,N/A,N/A
25,Sapindales,Anacardiaceae,Tapirira,mexicana,Tapirira mexicana,Tapirira mexicana,unisexual,bisexual,N/A,present,six to ten (6-10),free (<5%),actinomorphic,whorled,two (2),tetramerous,differentiated,0,4,4,six to ten (6-10),typical (narrow),introrse,,longitudinal slit,whorled,two (2),N/A,whorled,three (3),fused (>5%),N/A,absent,N/A,N/A
26,Magnoliales,Annonaceae,Guatteria,grandiflora,Guatteria grandiflora,Guatteria grandiflora,bisexual,bisexual,superior,present,six to ten (6-10),free (<5%),actinomorphic,whorled,more than two (>2),trimerous,differentiated,0,3,6,more than ten (>10),laminar (wide),extrorse,,longitudinal slit,spiral,N/A,N/A,spiral,more than five (>5),free (<5%),one (1),absent,N/A,N/A
27,Gentianales,Apocynaceae,Aspidosperma,megalocarpon,Aspidosperma megalocarpon,Aspidosperma megalocarpon,unisexual,unisexual,Superior,present,more than ten (>10),fused (>5%),actinomorphic,whorled,two (2),pentamerous,differentiated,0,2,5,one to five (1-5),typical (narrow),,dorsifixed,longitudinal slit,whorled,one (1),pentamerous,whorled,two (2),fused (>5%),,absent,N/A,N/A
28,Gentianales,Apocynaceae,Prestonia,longifolia,Prestonia longifolia,Prestonia longifolia,bisexual,bisexual,Superior,present,more than ten (>10),fused (>5%),actinomorphic,whorled,two (2),N/A,differentiated,0,5,5,one to five (1-5),typical (narrow),,dorsifixed,longitudinal slit,whorled,one (1),pentamerous,whorled,two (2),free (<5%),three or more (>2),present,,intraestaminal
29,Gentianales,Apocynaceae,Prestonia,mexicana,Prestonia mexicana,Prestonia mexicana,bisexual,bisexual,Superior,present,more than ten (>10),fused (>5%),actinomorphic,whorled,two (2),pentamerous,differentiated,0,5,5,one to five (1-5),typical (narrow),introrse,basifixed,longitudinal slit,whorled,one (1),pentamerous,whorled,two (2),free (<5%),three or more (>2),present,glandular,intraestaminal
30,Gentianales,Apocynaceae,Prestonia,speciosa,Prestonia speciosa,Prestonia speciosa,bisexual,bisexual,Superior,present,more than ten (>10),fused (>5%),actinomorphic,whorled,two (2),N/A,differentiated,0,5,5,one to five (1-5),,,dorsifixed,longitudinal slit,whorled,one (1),pentamerous,whorled,two (2),free (<5%),three or more (>2),present,,intraestaminal
31,Gentianales,Apocynaceae,Tabernaemontana,donnell-smithii,Tabernaemontana donnell-smithii,Tabernaemontana donnell-smithii,bisexual,bisexual,Superior,present,six to ten (6-10),fused (>5%),zygomorphic,whorled,two (2),pentamerous,differentiated,0,5,5,one to five (1-5),N/A,,basifixed,longitudinal slit,whorled,one (1),pentamerous,whorled,two (2),free (<5%),three or more (>2),present,,
32,Apiales,Araliaceae,Dendropanax,arboreus,Dendropanax arboreus,Dendropanax arboreus,bisexual,bisexual,inferior,present,one to five (1-5),fused (>5%),actinomorphic,whorled,two (2),pentamerous,differentiated,0,5,5,one to five (1-5),typical (narrow),extrorse,dorsifixed,longitudinal slit,whorled,one (1),pentamerous,whorled,four or five (4-5),fused (>5%),one (1),present,discoidal,intraestaminal
33,Apiales,Araliaceae,Dendropanax,arboreus,Dendropanax arboreus,Dendropanax arboreus,bisexual,bisexual,inferior,present,one to five (1-5),fused (>5%),actinomorphic,whorled,two (2),pentamerous,differentiated,0,6,6,one to five (1-5),typical (narrow),extrorse,dorsifixed,longitudinal slit,whorled,one (1),pentamerous,whorled,four or five (4-5),fused (>5%),one (1),present,discoidal,intraestaminal
34,Arecales,Arecaceae,Acrocomia,aculeata,Acrocomia aculeata,Acrocomia aculeata,unisexual,bisexual,Superior,present,one to five (1-5),fused (>5%),actinomorphic,spiral,two (2),trimerous,differentiated,0,3,3,one to five (1-5),typical (narrow),,dorsifixed,longitudinal slit,whorled,one (1),trimerous,whorled,three (3),fused (>5%),one (1),absent,N/A,N/A
35,Arecales,Arecaceae,Attalea,butyracea,Attalea butyracea,Attalea butyracea,unisexual,unisexual,,present,one to five (1-5),free (<5%),actinomorphic,,one (1),trimerous,undifferentiated,0,,3,one to five (1-5),typical (narrow),,,,,,trimerous,whorled,three (3),fused (>5%),,absent,N/A,N/A
36,Arecales,Arecaceae,Brahea,calcarea,Brahea calcarea,Brahea calcarea,bisexual,bisexual,Superior,present,six to ten (6-10),fused (>5%),actinomorphic,whorled,one (1),trimerous,differentiated,0,3,3,six to ten (6-10),typical (narrow),,dorsifixed,longitudinal slit,spiral,N/A,trimerous,whorled,three (3),fused (>5%),,absent,N/A,N/A
37,Arecales,Arecaceae,Chamaedorea,plumosa,Chamaedorea plumosa,Chamaedorea plumosa,unisexual,unisexual,,present,six to ten (6-10),free (<5%),actinomorphic,whorled,one (1),trimerous,differentiated,0,3,3,N/A,N/A,N/A,N/A,N/A,N/A,N/A,N/A,whorled,three (3),fused (>5%),,absent,N/A,N/A
38,Arecales,Arecaceae,Chamaedorea,plumosa,Chamaedorea plumosa,Chamaedorea plumosa,unisexual,unisexual,N/A,present,six to ten (6-10),free (<5%),actinomorphic,whorled,one (1),trimerous,differentiated,0,3,3,six to ten (6-10),typical (narrow),,dorsifixed,,whorled,one (1),trimerous,N/A,N/A,N/A,N/A,absent,N/A,N/A
39,Arecales,Arecaceae,Roystonea,dunlapiana,Roystonea dunlapiana,Roystonea dunlapiana,unisexual,unisexual,Superior,present,six to ten (6-10),free (<5%),actinomorphic,whorled,two (2),trimerous,differentiated,0,3,3,six to ten (6-10),typical (narrow),,,,whorled,,trimerous,N/A,N/A,N/A,N/A,absent,N/A,N/A
40,Arecales,Arecaceae,Roystonea,dunlapiana,Roystonea dunlapiana,Roystonea dunlapiana,unisexual,unisexual,Superior,present,six to ten (6-10),free (<5%),actinomorphic,whorled,two (2),trimerous,differentiated,0,3,3,N/A,N/A,N/A,N/A,N/A,N/A,N/A,N/A,whorled,one (1),N/A,one (1),absent,N/A,N/A
41,Arecales,Arecaceae,Roystonea,dunlapiana,Roystonea dunlapiana,Roystonea dunlapiana,unisexual,unisexual,N/A,present,six to ten (6-10),free (<5%),actinomorphic,whorled,one (1),trimerous,differentiated,0,3,3,six to ten (6-10),typical (narrow),,dorsifixed,longitudinal slit,spiral,N/A,trimerous,N/A,N/A,N/A,N/A,absent,N/A,N/A
42,Arecales,Arecaceae,Sabal,mexicana,Sabal mexicana,Sabal mexicana,bisexual,bisexual,Superior,present,six to ten (6-10),fused (>5%),actinomorphic,spiral,N/A,trimerous,differentiated,0,3,3,six to ten (6-10),typical (narrow),,dorsifixed,longitudinal slit,spiral,N/A,trimerous,whorled,three (3),fused (>5%),one (1),absent,N/A,N/A
43,Fagales,Betulaceae,Carpinus,caroliniana,Carpinus caroliniana,Carpinus caroliniana,unisexual,unisexual,inferior,absent,N/A,N/A,N/A,N/A,N/A,N/A,N/A,0,0,0,N/A,N/A,N/A,N/A,N/A,N/A,N/A,N/A,whorled,two (2),fused (>5%),one (1),absent,N/A,N/A
44,Fagales,Betulaceae,Carpinus,caroliniana,Carpinus caroliniana,Carpinus caroliniana,unisexual,unisexual,N/A,present,,fused (>5%),actinomorphic,,,,undifferentiated,0,1,0,six to ten (6-10),typical (narrow),,dorsifixed,longitudinal slit,,,N/A,N/A,N/A,N/A,N/A,absent,N/A,N/A
45,Lamiales,Bignoniaceae,Crescentia,cujete,Crescentia cujete,Crescentia cujete,bisexual,bisexual,superior,present,six to ten (6-10),fused (>5%),zygomorphic,whorled,two (2),trimerous,differentiated,0,2,5,one to five (1-5),typical (narrow),introrse,basifixed,longitudinal slit,whorled,two (2),trimerous,whorled,four or five (4-5),fused (>5%),three or more (>2),present,discoidal,intraestaminal
46,Lamiales,Bignoniaceae,Tabebuia,rosea,Tabebuia rosea,Tabebuia rosea,bisexual,bisexual,superior,present,six to ten (6-10),fused (>5%),zygomorphic,whorled,two (2),pentamerous,differentiated,0,2,5,one to five (1-5),typical (narrow),,dorsifixed,longitudinal slit,,,trimerous,whorled,three (3),fused (>5%),two (2),present,discoidal,intraestaminal
47,Lamiales,Bignoniaceae,Tabebuia,rosea,Tabebuia rosea,Tabebuia rosea,bisexual,bisexual,superior,present,six to ten (6-10),fused (>5%),zygomorphic,whorled,two (2),pentamerous,differentiated,0,3,5,one to five (1-5),typical (narrow),,dorsifixed,longitudinal slit,,,trimerous,whorled,three (3),fused (>5%),two (2),present,discoidal,intraestaminal
48,Lamiales,Bignoniaceae,Amphilophium,paniculatum,Amphilophium paniculatum,Amphilophium paniculatum,bisexual,bisexual,Superior,present,more than ten (>10),fused (>5%),zygomorphic,whorled,more than two (>2),pentamerous,differentiated,,,,one to five (1-5),typical (narrow),extrorse,dorsifixed,H-valvate,whorled,one (1),tetramerous,whorled,two (2),fused (>5%),three or more (>2),present,discoidal,
49,Boraginales,Boraginaceae,Cordia,alliodora,Cordia alliodora,Cordia alliodora,bisexual,bisexual,superior,present,more than ten (>10),fused (>5%),actinomorphic,whorled,two (2),pentamerous,differentiated,0,5,5,one to five (1-5),typical (narrow),latrorse,dorsifixed,longitudinal slit,whorled,one (1),pentamerous,whorled,two (2),fused (>5%),,absent,N/A,N/A
50,Boraginales,Boraginaceae,Cordia,dodecandra,Cordia dodecandra,Cordia dodecandra,bisexual,bisexual,inferior,present,six to ten (6-10),free (<5%),actinomorphic,whorled,two (2),pentamerous,differentiated,0,5,5,one to five (1-5),typical (narrow),introrse,dorsifixed,longitudinal slit,whorled,one (1),pentamerous,whorled,four or five (4-5),fused (>5%),one (1),present,,
51,Boraginales,Boraginaceae,Cordia,megalantha,Cordia megalantha,Cordia megalantha,bisexual,bisexual,superior,present,more than ten (>10),fused (>5%),actinomorphic,whorled,two (2),pentamerous,differentiated,0,5,5,one to five (1-5),typical (narrow),,,,whorled,one (1),pentamerous,whorled,,fused (>5%),,absent,N/A,N/A
52,Sapindales,Burseraceae,Protium,copal,Protium copal,Protium copal,unisexual,bisexual,inferior,present,six to ten (6-10),free (<5%),actinomorphic,whorled,two (2),tetramerous,differentiated,0,4,3,six to ten (6-10),typical (narrow),extrorse,dorsifixed,longitudinal slit,whorled,one (1),N/A,whorled,four or five (4-5),fused (>5%),,present,discoidal,
53,Sapindales,Burseraceae,Protium,copal,Protium copal,Protium copal,unisexual,bisexual,inferior,present,six to ten (6-10),free (<5%),actinomorphic,whorled,two (2),tetramerous,differentiated,0,4,4,six to ten (6-10),typical (narrow),extrorse,dorsifixed,longitudinal slit,whorled,one (1),N/A,whorled,four or five (4-5),fused (>5%),,present,discoidal,
54,Sapindales,Burseraceae,Protium,copal,Protium copal,Protium copal,unisexual,bisexual,inferior,present,six to ten (6-10),free (<5%),actinomorphic,whorled,two (2),tetramerous,differentiated,0,4,5,six to ten (6-10),typical (narrow),extrorse,dorsifixed,longitudinal slit,whorled,one (1),N/A,whorled,four or five (4-5),fused (>5%),,present,discoidal,
55,Sapindales,Burseraceae,Protium,copal,Protium copal,Protium copal,unisexual,bisexual,inferior,present,six to ten (6-10),free (<5%),actinomorphic,whorled,two (2),pentamerous,differentiated,0,5,3,six to ten (6-10),typical (narrow),extrorse,dorsifixed,longitudinal slit,whorled,one (1),N/A,whorled,four or five (4-5),fused (>5%),,present,discoidal,
56,Sapindales,Burseraceae,Protium,copal,Protium copal,Protium copal,unisexual,bisexual,inferior,present,six to ten (6-10),free (<5%),actinomorphic,whorled,two (2),tetramerous,differentiated,0,5,4,six to ten (6-10),typical (narrow),extrorse,dorsifixed,longitudinal slit,whorled,one (1),N/A,whorled,four or five (4-5),fused (>5%),,present,discoidal,
57,Sapindales,Burseraceae,Protium,copal,Protium copal,Protium copal,unisexual,bisexual,inferior,present,six to ten (6-10),free (<5%),actinomorphic,whorled,two (2),pentamerous,differentiated,0,5,5,six to ten (6-10),typical (narrow),extrorse,dorsifixed,longitudinal slit,whorled,one (1),N/A,whorled,four or five (4-5),fused (>5%),,present,discoidal,
58,Sapindales,Burseraceae,Protium,copal,Protium copal,Protium copal,unisexual,bisexual,N/A,present,six to ten (6-10),free (<5%),actinomorphic,whorled,two (2),pentamerous,differentiated,0,5,5,six to ten (6-10),typical (narrow),extrorse,dorsifixed,longitudinal slit,whorled,one (1),N/A,whorled,four or five (4-5),fused (>5%),,present,discoidal,
59,Sapindales,Burseraceae ,Bursera,simaruba,Bursera simaruba,Bursera simaruba,unisexual,unisexual,N/A,present,one to five (1-5),free (<5%),actinomorphic,whorled,one (1),pentamerous,undifferentiated,0,4,4,more than ten (>10),typical (narrow),introrse,basifixed,longitudinal slit,whorled,one (1),pentamerous,N/A,N/A,N/A,N/A,present,discoidal,
60,Sapindales,Burseraceae ,Bursera,simaruba,Bursera simaruba,Bursera simaruba,unisexual,unisexual,N/A,present,one to five (1-5),free (<5%),actinomorphic,whorled,one (1),pentamerous,undifferentiated,0,5,5,,,,,,,,,,,,,,,
61,Sapindales,Burseraceae ,Bursera,simaruba,Bursera simaruba,Bursera simaruba,unisexual,unisexual,inferior,absent,N/A,N/A,N/A,N/A,N/A,N/A,N/A,0,0,0,six to ten (6-10),typical (narrow),introrse,basifixed,longitudinal slit,whorled,one (1),tetramerous,whorled,three (3),fused (>5%),two (2),absent,N/A,N/A
62,Caryophyllales,Cactaceae,Selenicereus,undatus,Selenicereus undatus,Selenicereus undatus,bisexual,bisexual,inferior,present,more than ten (>10),fused (>5%),actinomorphic,whorled,more than two (>2),N/A,undifferentiated,100,0,0,more than ten (>10),typical (narrow),,basifixed,,whorled,more than two (>2),N/A,whorled,more than five (>5),fused (>5%),,present,,interestaminal
63,Malpighiales,Calophyllaceae ,Calophyllum,brasiliense,Calophyllum brasiliense,Calophyllum brasiliense,unisexual,unisexual,,present,N/A,N/A,actinomorphic,whorled,one (1),tetramerous,undifferentiated,4,0,0,more than ten (>10),typical (narrow),,,,whorled,one (1),,,,,,absent,N/A,N/A
64,Malpighiales,Calophyllaceae ,Calophyllum,brasiliense,Calophyllum brasiliense,Calophyllum brasiliense,unisexual,bisexual,superior,present,N/A,N/A,actinomorphic,whorled,one (1),tetramerous,undifferentiated,4,0,0,six to ten (6-10),,,,,whorled,one (1),,whorled,one (1),,,absent,N/A,N/A
65,Malpighiales,Calophyllaceae ,Calophyllum,brasiliense,Calophyllum brasiliense,Calophyllum brasiliense,unisexual,unisexual,,present,six to ten (6-10),fused (>5%),actinomorphic,whorled,two (2),tetramerous,differentiated,0,4,4,,typical (narrow),,,,whorled,,,N/A,N/A,N/A,N/A,absent,N/A,N/A
66,Rosales,Cannabaceae,Ampelocera,hottlei,Ampelocera hottlei,Ampelocera hottlei,unisexual,bisexual,,present,one to five (1-5),fused (>5%),actinomorphic,whorled,one (1),pentamerous,undifferentiated,0,0,5,,typical (narrow),,basifixed,,whorled,,,,,fused (>5%),,absent,N/A,N/A
67,Rosales,Cannabaceae,Aphananthe,monoica,Aphananthe monoica,Aphananthe monoica,unisexual,unisexual,Superior,present,one to five (1-5),fused (>5%),actinomorphic,whorled,one (1),pentamerous,undifferentiated,5,0,0,one to five (1-5),typical (narrow),,dorsifixed,longitudinal slit,whorled,,pentamerous,whorled,one (1),N/A,,absent,N/A,N/A
68,Rosales,Cannabaceae,Trema,micranthum,Trema micranthum,Trema micranthum,bisexual,bisexual,Superior,present,one to five (1-5),fused (>5%),actinomorphic,whorled,one (1),pentamerous,undifferentiated,0,5,0,one to five (1-5),typical (narrow),introrse,basifixed,longitudinal slit,whorled,one (1),pentamerous,whorled,one (1),N/A,one (1),absent,N/A,N/A
69,Rosales,Cannabaceae,Trema,micranthum,Trema micranthum,Trema micranthum,bisexual,bisexual,Superior,present,one to five (1-5),fused (>5%),actinomorphic,whorled,one (1),tetramerous,undifferentiated,0,4,0,one to five (1-5),typical (narrow),introrse,basifixed,longitudinal slit,whorled,one (1),pentamerous,whorled,one (1),N/A,one (1),absent,N/A,N/A
70,Brassicales,Capparaceae,Crateva,tapia,Crateva tapia,Crateva tapia,bisexual,bisexual,superior,present,six to ten (6-10),free (<5%),actinomorphic,whorled,two (2),pentamerous,differentiated,0,4,4,more than ten (>10),typical (narrow),,,,whorled,one (1),N/A,whorled,one (1),N/A,,absent,N/A,N/A
71,Brassicales,Capparaceae,Morisonia,flexuosa,Morisonia flexuosa,Morisonia flexuosa,bisexual,bisexual,superior,present,six to ten (6-10),free (<5%),actinomorphic,whorled,two (2),tetramerous,differentiated,0,2,4,more than ten (>10),typical (narrow),N/A,dorsifixed,longitudinal slit,whorled,more than two (>2),N/A,whorled,one (1),N/A,three or more (>2),present,glandular,extraestaminal
72,Brassicales,Capparaceae,Morisonia,flexuosa,Morisonia flexuosa,Morisonia flexuosa,bisexual,bisexual,superior,present,six to ten (6-10),free (<5%),actinomorphic,whorled,two (2),tetramerous,differentiated,0,3,4,more than ten (>10),typical (narrow),N/A,dorsifixed,longitudinal slit,whorled,more than two (>2),N/A,whorled,one (1),N/A,three or more (>2),present,glandular,extraestaminal
73,Brassicales,Capparaceae,Morisonia,flexuosa,Morisonia flexuosa,Morisonia flexuosa,bisexual,bisexual,superior,present,six to ten (6-10),free (<5%),actinomorphic,whorled,two (2),tetramerous,differentiated,0,4,4,more than ten (>10),typical (narrow),N/A,dorsifixed,longitudinal slit,whorled,more than two (>2),N/A,whorled,one (1),N/A,three or more (>2),present,glandular,extraestaminal
74,Brassicales,Capparaceae ,Morisonia,pringlei,Morisonia pringlei,Morisonia pringlei,bisexual,bisexual,Superior,present,six to ten (6-10),free (<5%),actinomorphic,whorled,two (2),tetramerous,differentiated,,,,more than ten (>10),typical (narrow),,basifixed,longitudinal slit,whorled,more than two (>2),N/A,whorled,one (1),N/A,three or more (>2),present,glandular,extraestaminal
75,Brassicales,Caricaceae,Jacaratia,dolichaula,Jacaratia dolichaula,Jacaratia dolichaula,unisexual,unisexual,inferior,present,six to ten (6-10),free (<5%),actinomorphic,whorled,two (2),tetramerous,differentiated,0,4,4,N/A,N/A,N/A,N/A,N/A,N/A,N/A,N/A,whorled,four or five (4-5),fused (>5%),three or more (>2),absent,N/A,N/A
76,Brassicales,Caricaceae,Jacaratia,dolichaula,Jacaratia dolichaula,Jacaratia dolichaula,unisexual,unisexual,inferior,present,six to ten (6-10),free (<5%),actinomorphic,whorled,two (2),pentamerous,differentiated,0,5,5,N/A,N/A,N/A,N/A,N/A,N/A,N/A,N/A,whorled,four or five (4-5),fused (>5%),three or more (>2),absent,N/A,N/A
77,Brassicales,Caricaceae,Jacaratia,dolichaula,Jacaratia dolichaula,Jacaratia dolichaula,unisexual,unisexual,N/A,present,six to ten (6-10),free (<5%),actinomorphic,whorled,two (2),pentamerous,differentiated,0,5,5,more than ten (>10),typical (narrow),introrse,basifixed,longitudinal slit,whorled,two (2),pentamerous,N/A,N/A,N/A,N/A,absent,N/A,N/A
78,Brassicales,Caricaceae,Jarilla,heterophylla,Jarilla heterophylla,Jarilla heterophylla,unisexual,unisexual,superior,present,six to ten (6-10),free (<5%),actinomorphic,whorled,one (1),pentamerous,undifferentiated,0,5,0,N/A,N/A,N/A,N/A,N/A,N/A,N/A,N/A,whorled,four or five (4-5),fused (>5%),three or more (>2),absent,N/A,N/A
79,Brassicales,Caricaceae,Jarilla,heterophylla,Jarilla heterophylla,Jarilla heterophylla,unisexual,unisexual,N/A,present,six to ten (6-10),fused (>5%),actinomorphic,whorled,two (2),pentamerous,differentiated,0,5,1,more than ten (>10),typical (narrow),,,,,,pentamerous,N/A,N/A,N/A,N/A,absent,N/A,N/A
80,Celastrales,Celastraceae,Quetzalia,contracta,Quetzalia contracta,Quetzalia contracta,unisexual,bisexual,,present,six to ten (6-10),free (<5%),actinomorphic,whorled,two (2),tetramerous,differentiated,0,4,4,one to five (1-5),typical (narrow),introrse,,longitudinal slit,whorled,one (1),tetramerous,whorled,two (2),fused (>5%),two (2),absent,N/A,N/A
81,Celastrales,Celastraceae,Quetzalia,contracta,Quetzalia contracta,Quetzalia contracta,unisexual,bisexual,,present,six to ten (6-10),free (<5%),actinomorphic,whorled,two (2),tetramerous,differentiated,0,5,5,one to five (1-5),typical (narrow),introrse,,longitudinal slit,whorled,one (1),tetramerous,whorled,two (2),fused (>5%),two (2),absent,N/A,N/A
82,Malpighiales,Chrysobalanaceae,Couepia,polyandra,Couepia polyandra,Couepia polyandra,bisexual,bisexual,superior,present,,fused (>5%),actinomorphic,whorled,two (2),pentamerous,differentiated,0,5,5,more than ten (>10),typical (narrow),,,,whorled,one (1),N/A,whorled,one (1),fused (>5%),,absent,N/A,N/A
83,Malpighiales,Chrysobalanaceae,Couepia,polyandra,Couepia polyandra,Couepia polyandra,bisexual,bisexual,superior,present,,fused (>5%),actinomorphic,whorled,two (2),pentamerous,differentiated,0,4,4,more than ten (>10),typical (narrow),,,,whorled,one (1),N/A,whorled,one (1),fused (>5%),,absent,N/A,N/A
84,Malpighiales,Chrysobalanaceae,Hirtella,racemosa,Hirtella racemosa,Hirtella racemosa,bisexual,bisexual,superior,present,six to ten (6-10),free (<5%),actinomorphic,whorled,two (2),pentamerous,differentiated,0,5,5,six to ten (6-10),typical (narrow),extrorse,dorsifixed,,whorled,one (1),pentamerous,whorled,one (1),N/A,two (2),absent,N/A,N/A
85,Ericales,Clethraceae,Clethra,macrophylla,Clethra macrophylla,Clethra macrophylla,bisexual,bisexual,superior,present,more than ten (>10),free (<5%),actinomorphic,whorled,two (2),pentamerous,differentiated,0,5,5,more than ten (>10),typical (narrow),extrorse,dorsifixed,longitudinal slit,whorled,two (2),N/A,whorled,three (3),fused (>5%),three or more (>2),absent,N/A,N/A
86,Malpighiales,Clusiaceae,Garcinia,intermedia,Garcinia intermedia,Garcinia intermedia,unisexual,bisexual,Superior,present,six to ten (6-10),fused (>5%),actinomorphic,whorled,two (2),tetramerous,differentiated,0,2,4,more than ten (>10),,extrorse,dorsifixed,longitudinal slit,whorled,,N/A,whorled,four or five (4-5),fused (>5%),one (1),absent,N/A,N/A
87,Malpighiales,Clusiaceae,Garcinia,intermedia,Garcinia intermedia,Garcinia intermedia,unisexual,bisexual,N/A,present,six to ten (6-10),fused (>5%),actinomorphic,whorled,two (2),tetramerous,differentiated,0,2,4,more than ten (>10),,extrorse,dorsifixed,longitudinal slit,whorled,,N/A,whorled,four or five (4-5),fused (>5%),one (1),absent,N/A,N/A
88,Myrtales,Combretaceae,Laguncularia,racemosa,Laguncularia racemosa,Laguncularia racemosa,unisexual,bisexual,superior,present,six to ten (6-10),free (<5%),actinomorphic,whorled,two (2),pentamerous,differentiated,0,5,5,six to ten (6-10),typical (narrow),introrse,dorsifixed,longitudinal slit,whorled,one (1),pentamerous,whorled,one (1),N/A,two (2),present,discoidal,intraestaminal
89,Myrtales,Combretaceae,Laguncularia,racemosa,Laguncularia racemosa,Laguncularia racemosa,unisexual,unisexual,N/A,present,six to ten (6-10),free (<5%),actinomorphic,whorled,two (2),pentamerous,differentiated,0,5,5,six to ten (6-10),typical (narrow),introrse,dorsifixed,longitudinal slit,whorled,one (1),pentamerous,N/A,N/A,N/A,N/A,present,discoidal,intraestaminal
90,Myrtales,Combretaceae,Terminalia,amazonia,Terminalia amazonia,Terminalia amazonia,bisexual,bisexual,inferior,present,one to five (1-5),fused (>5%),actinomorphic,whorled,one (1),tetramerous,undifferentiated,0,5,0,more than ten (>10),typical (narrow),extrorse,basifixed,longitudinal slit,whorled,two (2),pentamerous,whorled,one (1),N/A,two (2),absent,N/A,N/A
91,Commelinales,Commelinaceae,Tradescantia,zanonia,Tradescantia zanonia,Tradescantia zanonia,bisexual,bisexual,,present,six to ten (6-10),free (<5%),actinomorphic,whorled,two (2),trimerous,differentiated,0,3,3,six to ten (6-10),typical (narrow),latrorse,dorsifixed,longitudinal slit,whorled,one (1),trimerous,whorled,three (3),fused (>5%),two (2),absent,N/A,N/A
92,Ericales,Ebenaceae,Diospyros,nigra,Diospyros nigra,Diospyros nigra,unisexual,unisexual,Superior,present,six to ten (6-10),fused (>5%),actinomorphic,whorled,two (2),tetramerous,differentiated,0,5,5,N/A,N/A,N/A,N/A,N/A,N/A,N/A,N/A,whorled,four or five (4-5),fused (>5%),one (1),absent,N/A,N/A
93,Ericales,Ebenaceae,Diospyros,nigra,Diospyros nigra,Diospyros nigra,unisexual,unisexual,N/A,present,six to ten (6-10),fused (>5%),actinomorphic,whorled,two (2),tetramerous,differentiated,0,4,4,more than ten (>10),typical (narrow),,,,whorled,one (1),,N/A,N/A,N/A,N/A,absent,N/A,N/A
94,Oxalidales,Elaeocarpaceae,Sloanea,terniflora,Sloanea terniflora,Sloanea terniflora,bisexual,bisexual,Superior,present,one to five (1-5),free (<5%),actinomorphic,whorled,one (1),tetramerous,undifferentiated,0,4,0,more than ten (>10),laminar (wide),N/A,basifixed,longitudinal slit,whorled,N/A,N/A,whorled,four or five (4-5),fused (>5%),three or more (>2),absent,N/A,N/A
95,Malpighiales,Euphorbiaceae,Alchornea,latifolia,Aparisthmium cordatum,Aparisthmium cordatum,unisexual,unisexual,Superior,present,one to five (1-5),fused (>5%),actinomorphic,whorled,one (1),tetramerous,undifferentiated,0,0,0,six to ten (6-10),typical (narrow),,basifixed,,whorled,one (1),tetramerous,whorled,one (1),fused (>5%),one (1),absent,N/A,N/A
96,Malpighiales,Euphorbiaceae,Cnidoscolus,multilobus,Cnidoscolus multilobus,Cnidoscolus multilobus,unisexual,unisexual,superior,present,one to five (1-5),fused (>5%),actinomorphic,whorled,one (1),pentamerous,undifferentiated,5,0,0,N/A,N/A,N/A,N/A,N/A,N/A,N/A,N/A,whorled,three (3),free (<5%),one (1),present,glandular,intraestaminal
97,Malpighiales,Euphorbiaceae,Cnidoscolus,multilobus,Cnidoscolus multilobus,Cnidoscolus multilobus,unisexual,unisexual,N/A,present,one to five (1-5),fused (>5%),actinomorphic,whorled,one (1),pentamerous,undifferentiated,5,0,0,more than ten (>10),typical (narrow),extrorse,dorsifixed,longitudinal slit,whorled,more than two (>2),dimerous,N/A,N/A,N/A,N/A,present,glandular,intraestaminal
98,Malpighiales,Euphorbiaceae,Croton,draco,Croton draco,Croton draco,unisexual,unisexual,N/A,present,six to ten (6-10),free (<5%),actinomorphic,whorled,two (2),pentamerous,differentiated,0,5,5,more than ten (>10),typical (narrow),extrorse,,,whorled,more than two (>2),N/A,N/A,N/A,N/A,N/A,present,glandular,interestaminal
99,Malpighiales,Euphorbiaceae,Croton,draco,Croton draco,Croton draco,unisexual,bisexual,superior,present,six to ten (6-10),free (<5%),actinomorphic,whorled,two (2),pentamerous,differentiated,0,5,5,one to five (1-5),typical (narrow),extrorse,,,,one (1),pentamerous,whorled,three (3),fused (>5%),one (1),present,glandular,interestaminal
100,Malpighiales,Euphorbiaceae,Croton,schiedeanus,Croton schiedeanus,Croton schiedeanus,unisexual,unisexual,superior,present,six to ten (6-10),free (<5%),actinomorphic,whorled,two (2),pentamerous,differentiated,0,5,5,N/A,N/A,N/A,N/A,N/A,N/A,N/A,N/A,whorled,three (3),fused (>5%),one (1),present,,extraestaminal
101,Malpighiales,Euphorbiaceae,Croton,schiedeanus,Croton schiedeanus,Croton schiedeanus,unisexual,unisexual,N/A,present,six to ten (6-10),free (<5%),actinomorphic,whorled,two (2),pentamerous,differentiated,0,5,5,six to ten (6-10),typical (narrow),introrse,basifixed,longitudinal slit,whorled,two (2),pentamerous,N/A,N/A,N/A,N/A,present,,extraestaminal
102,Malpighiales,Euphorbiaceae,Hura,polyandra,Hura polyandra,Hura polyandra,unisexual,unisexual,superior,present,more than ten (>10),fused (>5%),zygomorphic,whorled,one (1),N/A,undifferentiated,0,1,0,N/A,N/A,N/A,N/A,N/A,N/A,N/A,N/A,whorled,more than five (>5),fused (>5%),one (1),absent,N/A,N/A
103,Malpighiales,Euphorbiaceae,Hura,polyandra,Hura polyandra,Hura polyandra,unisexual,unisexual,N/A,present,one to five (1-5),fused (>5%),actinomorphic,whorled,one (1),N/A,undifferentiated,0,1,0,more than ten (>10),N/A,N/A,N/A,,whorled,more than two (>2),N/A,N/A,N/A,N/A,N/A,absent,N/A,N/A
104,Malpighiales,Euphorbiaceae,Omphalea,oleifera,Omphalea oleifera,Omphalea oleifera,unisexual,bisexual,superior,present,one to five (1-5),fused (>5%),actinomorphic,whorled,one (1),tetramerous,undifferentiated,4,0,0,one to five (1-5),typical (narrow),,,longitudinal slit,whorled,one (1),dimerous,whorled,one (1),N/A,one (1),absent,N/A,N/A
105,Malpighiales,Euphorbiaceae,Omphalea,oleifera,Omphalea oleifera,Omphalea oleifera,unisexual,unisexual,N/A,present,one to five (1-5),fused (>5%),actinomorphic,whorled,one (1),tetramerous,undifferentiated,4,0,0,one to five (1-5),typical (narrow),,,longitudinal slit,whorled,one (1),dimerous,whorled,one (1),N/A,one (1),absent,N/A,N/A
106,Malpighiales,Euphorbiaceae ,Cnidoscolus,aconitifolius,Cnidoscolus aconitifolius,Cnidoscolus aconitifolius,unisexual,bisexual,superior,present,one to five (1-5),free (<5%),actinomorphic,whorled,one (1),tetramerous,undifferentiated,0,4,5,one to five (1-5),typical (narrow),,,,whorled,more than two (>2),N/A,whorled,four or five (4-5),fused (>5%),one (1),present,discoidal,extraestaminal
107,Fabales,Fabaceae,Andira,galeottiana,Andira galeottiana,Andira galeottiana,bisexual,bisexual,superior,present,one to five (1-5),free (<5%),zygomorphic,whorled,two (2),pentamerous,differentiated,0,5,5,six to ten (6-10),typical (narrow),latrorse,,,whorled,one (1),N/A,whorled,one (1),N/A,three or more (>2),absent,N/A,N/A
108,Fabales,Fabaceae,Cojoba,arborea,Cojoba arborea,Cojoba arborea,bisexual,bisexual,superior,present,more than ten (>10),fused (>5%),actinomorphic,whorled,two (2),pentamerous,differentiated,0,5,5,more than ten (>10),typical (narrow),,,,,,,whorled,one (1),N/A,three or more (>2),present,glandular,intraestaminal
109,Fabales,Fabaceae,Cynometra,retusa,Cynometra retusa,Cynometra retusa,bisexual,bisexual,Superior,present,six to ten (6-10),fused (>5%),actinomorphic,whorled,two (2),pentamerous,differentiated,0,4,5,six to ten (6-10),typical (narrow),,dorsifixed,longitudinal slit,whorled,one (1),pentamerous,whorled,one (1),N/A,one (1),absent,N/A,N/A
110,Fabales,Fabaceae,Cynometra,retusa,Cynometra retusa,Cynometra retusa,bisexual,bisexual,Superior,present,six to ten (6-10),fused (>5%),actinomorphic,whorled,two (2),pentamerous,differentiated,0,5,5,six to ten (6-10),typical (narrow),,dorsifixed,longitudinal slit,whorled,one (1),pentamerous,whorled,one (1),N/A,one (1),absent,N/A,N/A
111,Fabales,Fabaceae,Dalbergia,glomerata,Dalbergia glomerata,Dalbergia glomerata,bisexual,bisexual,Superior,present,six to ten (6-10),fused (>5%),zygomorphic,whorled,two (2),pentamerous,differentiated,0,5,5,six to ten (6-10),typical (narrow),extrorse,basifixed,longitudinal slit,whorled,one (1),dimerous,whorled,one (1),N/A,one (1),absent,N/A,N/A
112,Fabales,Fabaceae,Dialium,guianense,Dialium guianense,Dialium guianense,bisexual,bisexual,inferior,present,one to five (1-5),fused (>5%),zygomorphic,whorled,one (1),pentamerous,undifferentiated,5,0,0,one to five (1-5),typical (narrow),latrorse,basifixed,H-valvate,whorled,one (1),dimerous,whorled,one (1),N/A,one (1),present,discoidal,intraestaminal
113,Fabales,Fabaceae,Dussia,mexicana,Dussia mexicana,Dussia mexicana,bisexual,bisexual,Superior,present,six to ten (6-10),fused (>5%),zygomorphic,whorled,two (2),pentamerous,differentiated,0,5,5,six to ten (6-10),typical (narrow),,dorsifixed,,whorled,one (1),,whorled,one (1),N/A,one (1),absent,N/A,N/A
114,Fabales,Fabaceae,Enterolobium,cyclocarpum,Enterolobium cyclocarpum,Enterolobium cyclocarpum,bisexual,bisexual,Superior,present,six to ten (6-10),fused (>5%),actinomorphic,whorled,two (2),pentamerous,differentiated,0,6,5,more than ten (>10),typical (narrow),,,,whorled,one (1),N/A,whorled,one (1),N/A,three or more (>2),absent,N/A,N/A
115,Fabales,Fabaceae,Enterolobium,cyclocarpum,Enterolobium cyclocarpum,Enterolobium cyclocarpum,bisexual,bisexual,Superior,present,six to ten (6-10),fused (>5%),actinomorphic,whorled,two (2),pentamerous,differentiated,0,5,5,more than ten (>10),typical (narrow),,,,whorled,one (1),N/A,whorled,one (1),N/A,three or more (>2),absent,N/A,N/A
116,Fabales,Fabaceae,Enterolobium,cyclocarpum,Enterolobium cyclocarpum,Enterolobium cyclocarpum,bisexual,bisexual,superior,present,six to ten (6-10),fused (>5%),actinomorphic,whorled,two (2),pentamerous,differentiated,0,5,5,more than ten (>10),typical (narrow),,dorsifixed,,whorled,more than two (>2),N/A,whorled,one (1),N/A,three or more (>2),absent,N/A,N/A
117,Fabales,Fabaceae,Erythrina,folkersii,Erythrina folkersii,Erythrina folkersii,bisexual,bisexual,inferior,present,more than ten (>10),fused (>5%),zygomorphic,whorled,two (2),N/A,differentiated,0,2,5,more than ten (>10),typical (narrow),,,,,,N/A,whorled,one (1),N/A,one (1),absent,N/A,N/A
118,Fabales,Fabaceae,Gliricidia,sepium,Gliricidia sepium,Gliricidia sepium,bisexual,bisexual,superior,present,one to five (1-5),fused (>5%),zygomorphic,whorled,two (2),dimerous,differentiated,0,1,2,six to ten (6-10),typical (narrow),introrse,dorsifixed,longitudinal slit,whorled,one (1),pentamerous,whorled,one (1),N/A,three or more (>2),absent,N/A,N/A
119,Fabales,Fabaceae,Inga,acrocephala,Inga acrocephala,Inga acrocephala,bisexual,bisexual,superior,present,six to ten (6-10),fused (>5%),actinomorphic,whorled,two (2),pentamerous,differentiated,0,7,5,more than ten (>10),typical (narrow),,basifixed,,whorled,more than two (>2),N/A,whorled,one (1),N/A,one (1),present,glandular,
120,Fabales,Fabaceae,Inga,acrocephala,Inga acrocephala,Inga acrocephala,bisexual,bisexual,superior,present,six to ten (6-10),fused (>5%),actinomorphic,whorled,two (2),pentamerous,differentiated,0,6,5,more than ten (>10),typical (narrow),,basifixed,,whorled,more than two (>2),N/A,whorled,one (1),N/A,one (1),present,glandular,
121,Fabales,Fabaceae,Inga,acrocephala,Inga acrocephala,Inga acrocephala,bisexual,bisexual,superior,present,six to ten (6-10),fused (>5%),actinomorphic,whorled,two (2),pentamerous,differentiated,0,5,5,more than ten (>10),typical (narrow),,basifixed,,whorled,more than two (>2),N/A,whorled,one (1),N/A,one (1),present,glandular,
122,Fabales,Fabaceae,Inga,sapindoides,Inga sapindoides,Inga sapindoides,bisexual,bisexual,superior,present,six to ten (6-10),fused (>5%),actinomorphic,whorled,two (2),pentamerous,differentiated,0,5,5,more than ten (>10),typical (narrow),,basifixed,,whorled,more than two (>2),N/A,whorled,one (1),N/A,one (1),present,glandular,
123,Fabales,Fabaceae,Inga,vera,Inga vera,Inga vera,bisexual,bisexual,superior,present,six to ten (6-10),fused (>5%),actinomorphic,whorled,two (2),pentamerous,differentiated,0,5,5,more than ten (>10),typical (narrow),extrorse,dorsifixed,,whorled,one (1),N/A,whorled,more than five (>5),fused (>5%),three or more (>2),present,glandular,intraestaminal
124,Fabales,Fabaceae,Leucaena,leucocephala,Leucaena leucocephala,Leucaena leucocephala,bisexual,bisexual,superior,present,six to ten (6-10),free (<5%),actinomorphic,whorled,two (2),pentamerous,differentiated,0,5,5,six to ten (6-10),typical (narrow),extrorse,dorsifixed,longitudinal slit,whorled,,pentamerous,whorled,one (1),N/A,three or more (>2),absent,N/A,N/A
125,Fabales,Fabaceae,Lonchocarpus,cruentus,Lonchocarpus cruentus,Lonchocarpus cruentus,bisexual,bisexual,Superior,present,one to five (1-5),fused (>5%),zygomorphic,whorled,two (2),pentamerous,differentiated,0,,5,six to ten (6-10),typical (narrow),,dorsifixed,longitudinal slit,whorled,one (1),N/A,whorled,one (1),N/A,one (1),absent,N/A,N/A
126,Fabales,Fabaceae,Lonchocarpus,guatemalensis,Lonchocarpus guatemalensis,Lonchocarpus guatemalensis,bisexual,bisexual,Superior,present,six to ten (6-10),fused (>5%),zygomorphic,whorled,two (2),pentamerous,differentiated,0,5,5,six to ten (6-10),typical (narrow),,dorsifixed,longitudinal slit,whorled,one (1),N/A,whorled,one (1),N/A,three or more (>2),absent,N/A,N/A
127,Fabales,Fabaceae,Lonchocarpus,heptaphyllus,Lonchocarpus heptaphyllus,Lonchocarpus heptaphyllus,bisexual,bisexual,Superior,present,six to ten (6-10),fused (>5%),zygomorphic,whorled,two (2),pentamerous,differentiated,0,3,5,six to ten (6-10),typical (narrow),,dorsifixed,longitudinal slit,whorled,one (1),N/A,whorled,one (1),N/A,,present,,interestaminal
128,Fabales,Fabaceae,Lonchocarpus,santarosanus,Lonchocarpus santarosanus,Lonchocarpus santarosanus,bisexual,bisexual,Superior,present,one to five (1-5),fused (>5%),zygomorphic,whorled,two (2),pentamerous,differentiated,0,3,5,six to ten (6-10),typical (narrow),,dorsifixed,longitudinal slit,whorled,one (1),N/A,whorled,one (1),N/A,two (2),absent,N/A,N/A
129,Fabales,Fabaceae,Muellera,unifoliolata,Muellera unifoliolata,Muellera unifoliolata,bisexual,bisexual,,present,six to ten (6-10),free (<5%),zygomorphic,whorled,two (2),pentamerous,differentiated,0,5,5,six to ten (6-10),typical (narrow),,basifixed,longitudinal slit,whorled,one (1),N/A,whorled,one (1),N/A,one (1),absent,N/A,N/A
130,Fabales,Fabaceae,Myroxylon,balsamum,Myroxylon balsamum,Myroxylon balsamum,bisexual,bisexual,superior,present,six to ten (6-10),free (<5%),zygomorphic,whorled,two (2),pentamerous,differentiated,0,,5,six to ten (6-10),typical (narrow),introrse,dorsifixed,longitudinal slit,whorled,one (1),pentamerous,whorled,one (1),N/A,two (2),absent,N/A,N/A
131,Fabales,Fabaceae,Piscidia,piscipula,Piscidia piscipula,Piscidia piscipula,bisexual,bisexual,superior,present,more than ten (>10),fused (>5%),zygomorphic,whorled,two (2),pentamerous,differentiated,0,5,5,six to ten (6-10),typical (narrow),,,,whorled,one (1),,whorled,one (1),N/A,one (1),present,discoidal,interestaminal
132,Fabales,Fabaceae,Platymiscium,pinnatum,Platymiscium pinnatum,Platymiscium pinnatum,bisexual,bisexual,,present,six to ten (6-10),fused (>5%),zygomorphic,whorled,two (2),pentamerous,differentiated,0,5,5,six to ten (6-10),typical (narrow),introrse,dorsifixed,longitudinal slit,whorled,one (1),pentamerous,whorled,one (1),N/A,one (1),absent,N/A,N/A
133,Fabales,Fabaceae,Pseudalbizzia,tomentosa,Pseudalbizzia tomentosa,Pseudalbizzia tomentosa,bisexual,bisexual,,present,one to five (1-5),free (<5%),actinomorphic,,two (2),pentamerous,differentiated,0,5,5,more than ten (>10),typical (narrow),extrorse,dorsifixed,,whorled,more than two (>2),N/A,whorled,,,,present,glandular,
134,Fabales,Fabaceae,Pseudalbizzia,tomentosa,Pseudalbizzia tomentosa,Pseudalbizzia tomentosa,bisexual,bisexual,,present,six to ten (6-10),free (<5%),actinomorphic,,two (2),pentamerous,differentiated,0,5,5,more than ten (>10),typical (narrow),extrorse,dorsifixed,,whorled,more than two (>2),N/A,whorled,,,,present,glandular,
135,Fabales,Fabaceae,Pterocarpus,rohrii,Pterocarpus rohrii,Pterocarpus rohrii,bisexual,bisexual,superior,present,six to ten (6-10),fused (>5%),zygomorphic,whorled,two (2),pentamerous,differentiated,0,5,5,six to ten (6-10),typical (narrow),,dorsifixed,longitudinal slit,whorled,one (1),pentamerous,whorled,one (1),N/A,one (1),absent,N/A,N/A
136,Fabales,Fabaceae,Swartzia,guatemalensis,Swartzia guatemalensis,Swartzia guatemalensis,bisexual,bisexual,inferior,present,one to five (1-5),fused (>5%),zygomorphic,whorled,two (2),trimerous,differentiated,0,3,1,six to ten (6-10),typical (narrow),introrse,basifixed,longitudinal slit,whorled,more than two (>2),N/A,whorled,one (1),N/A,three or more (>2),absent,N/A,N/A
137,Fagales,Fagaceae,Quercus,acutifolia,Quercus acutifolia,Quercus acutifolia,unisexual,unisexual,inferior,present,one to five (1-5),fused (>5%),actinomorphic,whorled,one (1),tetramerous,undifferentiated,0,4,0,N/A,N/A,N/A,N/A,N/A,N/A,N/A,N/A,whorled,three (3),fused (>5%),two (2),absent,N/A,N/A
138,Fagales,Fagaceae,Quercus,acutifolia,Quercus acutifolia,Quercus acutifolia,unisexual,unisexual,N/A,present,one to five (1-5),fused (>5%),actinomorphic,whorled,one (1),tetramerous,differentiated,0,4,0,more than ten (>10),typical (narrow),extrorse,dorsifixed,longitudinal slit,whorled,one (1),pentamerous,N/A,N/A,N/A,N/A,absent,N/A,N/A
139,Fagales,Fagaceae,Quercus,oleoides,Quercus oleoides,Quercus oleoides,unisexual,unisexual,inferior,present,one to five (1-5),fused (>5%),actinomorphic,whorled,one (1),tetramerous,undifferentiated,0,4,0,N/A,N/A,N/A,N/A,N/A,N/A,N/A,N/A,whorled,three (3),fused (>5%),two (2),absent,N/A,N/A
140,Fagales,Fagaceae,Quercus,oleoides,Quercus oleoides,Quercus oleoides,unisexual,unisexual,N/A,present,one to five (1-5),fused (>5%),actinomorphic,whorled,one (1),tetramerous,differentiated,0,4,0,more than ten (>10),typical (narrow),extrorse,dorsifixed,longitudinal slit,whorled,one (1),tetramerous,N/A,N/A,N/A,N/A,absent,N/A,N/A
141,Fagales,Fagaceae,Quercus,skinneri,Quercus skinneri,Quercus skinneri,unisexual,unisexual,inferior,present,one to five (1-5),fused (>5%),actinomorphic,whorled,one (1),tetramerous,undifferentiated,0,4,0,N/A,N/A,N/A,N/A,N/A,N/A,N/A,N/A,whorled,three (3),fused (>5%),two (2),absent,N/A,N/A
142,Fagales,Fagaceae,Quercus,skinneri,Quercus skinneri,Quercus skinneri,unisexual,unisexual,N/A,present,one to five (1-5),fused (>5%),actinomorphic,whorled,one (1),tetramerous,differentiated,0,4,0,more than ten (>10),typical (narrow),extrorse,dorsifixed,longitudinal slit,whorled,one (1),,N/A,N/A,N/A,N/A,absent,N/A,N/A
143,Icacinales,Icacinaceae,Calatola,laevigata,Calatola laevigata,Calatola laevigata,unisexual,unisexual,,present,six to ten (6-10),fused (>5%),actinomorphic,whorled,two (2),tetramerous,differentiated,0,4,4,,typical (narrow),,,,whorled,,,N/A,N/A,N/A,N/A,absent,N/A,N/A
144,Icacinales,Icacinaceae,Calatola,laevigata,Calatola laevigata,Calatola laevigata,unisexual,unisexual,N/A,present,six to ten (6-10),fused (>5%),actinomorphic,whorled,two (2),tetramerous,differentiated,0,5,4,N/A,N/A,N/A,N/A,N/A,N/A,N/A,N/A,whorled,one (1),,,absent,N/A,N/A
145,Icacinales,Icacinaceae,Calatola,laevigata,Calatola laevigata,Calatola laevigata,unisexual,unisexual,N/A,present,six to ten (6-10),fused (>5%),actinomorphic,whorled,two (2),tetramerous,differentiated,0,5,4,N/A,N/A,N/A,N/A,N/A,N/A,N/A,N/A,whorled,one (1),,,absent,N/A,N/A
146,Icacinales,Icacinaceae,Mappia,racemosa,Mappia racemosa,Mappia racemosa,bisexual,bisexual,Superior,present,six to ten (6-10),free (<5%),actinomorphic,whorled,two (2),pentamerous,differentiated,0,5,5,one to five (1-5),typical (narrow),introrse,basifixed,longitudinal slit,whorled,one (1),pentamerous,whorled,one (1),N/A,two (2),absent,N/A,N/A
147,Fagales,Juglandaceae,Juglans,pyriformis,Juglans pyriformis,Juglans pyriformis,unisexual,unisexual,inferior,absent,N/A,N/A,N/A,N/A,N/A,N/A,N/A,0,0,0,N/A,N/A,N/A,N/A,N/A,N/A,N/A,N/A,whorled,more than five (>5),fused (>5%),,absent,N/A,N/A
148,Fagales,Juglandaceae,Juglans,pyriformis,Juglans pyriformis,Juglans pyriformis,unisexual,unisexual,N/A,present,more than ten (>10),,actinomorphic,whorled,one (1),tetramerous,undifferentiated,0,4,0,more than ten (>10),typical (narrow),,basifixed,longitudinal slit,whorled,more than two (>2),N/A,N/A,N/A,N/A,N/A,absent,N/A,N/A
149,Fagales,Juglandaceae,Oreomunnea,mexicana,Oreomunnea mexicana,Oreomunnea mexicana,unisexual,unisexual,inferior,present,one to five (1-5),fused (>5%),actinomorphic,whorled,one (1),tetramerous,undifferentiated,0,2,0,N/A,N/A,N/A,N/A,N/A,N/A,N/A,N/A,whorled,two (2),fused (>5%),two (2),absent,N/A,N/A
150,Fagales,Juglandaceae,Oreomunnea,mexicana,Oreomunnea mexicana,Oreomunnea mexicana,unisexual,unisexual,N/A,present,one to five (1-5),fused (>5%),actinomorphic,whorled,one (1),tetramerous,undifferentiated,0,2,0,more than ten (>10),typical (narrow),introrse,basifixed,longitudinal slit,whorled,two (2),N/A,N/A,N/A,N/A,N/A,absent,N/A,N/A
151,Malpighiales,Lacistemataceae,Lacistema,aggregatum,Lacistema aggregatum,Lacistema aggregatum,bisexual,bisexual,inferior,present,one to five (1-5),free (<5%),actinomorphic,whorled,one (1),tetramerous,undifferentiated,0,4,4,one to five (1-5),typical (narrow),,,,whorled,one (1),N/A,whorled,three (3),fused (>5%),one (1),present,discoidal,intraestaminal
152,Laurales,Lauraceae,Licaria,capitata,Licaria capitata,Licaria capitata,bisexual,bisexual,superior,present,six to ten (6-10),fused (>5%),actinomorphic,whorled,two (2),trimerous,differentiated,0,3,3,more than ten (>10),typical (narrow),introrse,basifixed,flap-valvate,whorled,more than two (>2),trimerous,whorled,two (2),,one (1),absent,N/A,N/A
153,Laurales,Lauraceae,Mespilodaphne,macrophylla,Mespilodaphne macrophylla,Mespilodaphne macrophylla,bisexual,bisexual,superior,present,six to ten (6-10),free (<5%),actinomorphic,whorled,two (2),trimerous,undifferentiated,6,0,0,six to ten (6-10),typical (narrow),latrorse,basifixed,longitudinal slit,whorled,more than two (>2),trimerous,whorled,one (1),N/A,,present,glandular,interestaminal
154,Laurales,Lauraceae,Persea,schiedeana,Persea schiedeana,Persea schiedeana,bisexual,bisexual,inferior,present,six to ten (6-10),free (<5%),actinomorphic,whorled,two (2),trimerous,undifferentiated,4,0,0,six to ten (6-10),typical (narrow),introrse,basifixed,longitudinal slit,whorled,two (2),trimerous,whorled,one (1),N/A,three or more (>2),present,,interestaminal
155,Magnoliales,Magnoliaceae,Magnolia,schiedeana,Magnolia schiedeana,Magnolia schiedeana,bisexual,bisexual,,present,six to ten (6-10),free (<5%),actinomorphic,spiral,more than two (>2),trimerous,differentiated,9,0,0,more than ten (>10),laminar (wide),introrse,,longitudinal slit,spiral,N/A,N/A,spiral,more than five (>5),free (<5%),one (1),absent,N/A,N/A
156,Malpighiales,Malpighiaceae,Bunchosia,lindeniana,Bunchosia lindeniana,Bunchosia lindeniana,bisexual,bisexual,superior,present,six to ten (6-10),free (<5%),zygomorphic,whorled,two (2),pentamerous,differentiated,0,,5,six to ten (6-10),typical (narrow),introrse,,longitudinal slit,,,,whorled,two (2),fused (>5%),,absent,N/A,N/A
157,Malpighiales,Malpighiaceae,Byrsonima,cinerea,Byrsonima cinerea,Byrsonima cinerea,bisexual,bisexual,superior,present,six to ten (6-10),fused (>5%),actinomorphic,whorled,two (2),tetramerous,differentiated,0,0,0,six to ten (6-10),typical (narrow),introrse,basifixed,longitudinal slit,,,,whorled,three (3),fused (>5%),,absent,N/A,N/A
158,Malpighiales,Malpighiaceae,Stigmaphyllon,retusum,Stigmaphyllon retusum,Stigmaphyllon retusum,bisexual,bisexual,superior,present,six to ten (6-10),fused (>5%),zygomorphic,whorled,two (2),pentamerous,differentiated,0,5,5,six to ten (6-10),typical (narrow),introrse,,longitudinal slit,whorled,two (2),pentamerous,whorled,three (3),free (<5%),one (1),absent,N/A,N/A
159,Malvales,Malvaceae,Apeiba,tibourbou,Apeiba tibourbou,Apeiba tibourbou,bisexual,bisexual,Superior,present,one to five (1-5),free (<5%),actinomorphic,whorled,two (2),pentamerous,differentiated,0,5,5,more than ten (>10),typical (narrow),,dorsifixed,longitudinal slit,1,one (1),pentamerous,whorled,more than five (>5),fused (>5%),three or more (>2),absent,N/A,N/A
160,Malvales,Malvaceae,Bernoullia,flammea,Bernoullia flammea,Bernoullia flammea,bisexual,bisexual,Superior,present,more than ten (>10),free (<5%),actinomorphic,whorled,two (2),pentamerous,differentiated,0,5,5,more than ten (>10),typical (narrow),,,,whorled,,,whorled,,free (<5%),,present,,extraestaminal
161,Malvales,Malvaceae,Ceiba,pentandra,Ceiba pentandra,Ceiba pentandra,bisexual,bisexual,inferior,present,more than ten (>10),fused (>5%),actinomorphic,whorled,two (2),pentamerous,differentiated,0,5,5,more than ten (>10),typical (narrow),,,,,,,whorled,four or five (4-5),fused (>5%),three or more (>2),absent,N/A,N/A
162,Malvales,Malvaceae,Guazuma,ulmifolia,Guazuma ulmifolia,Guazuma ulmifolia,bisexual,bisexual,superior,present,six to ten (6-10),free (<5%),actinomorphic,whorled,two (2),pentamerous,differentiated,0,2,5,more than ten (>10),typical (narrow),,,,whorled,more than two (>2),N/A,whorled,four or five (4-5),fused (>5%),three or more (>2),absent,N/A,N/A
163,Malvales,Malvaceae,Guazuma,ulmifolia,Guazuma ulmifolia,Guazuma ulmifolia,bisexual,bisexual,superior,present,six to ten (6-10),free (<5%),actinomorphic,whorled,two (2),pentamerous,differentiated,0,3,5,more than ten (>10),typical (narrow),,,,whorled,more than two (>2),N/A,whorled,four or five (4-5),fused (>5%),three or more (>2),absent,N/A,N/A
164,Malvales,Malvaceae,Hampea,nutricia,Hampea nutricia,Hampea nutricia,unisexual,bisexual,superior,present,six to ten (6-10),fused (>5%),actinomorphic,whorled,two (2),pentamerous,differentiated,0,,5,more than ten (>10),typical (narrow),,dorsifixed,,whorled,,N/A,whorled,three (3),fused (>5%),,present,glandular,
165,Malvales,Malvaceae,Hampea,nutricia,Hampea nutricia,Hampea nutricia,unisexual,unisexual,N/A,present,six to ten (6-10),fused (>5%),actinomorphic,whorled,two (2),pentamerous,differentiated,0,,5,more than ten (>10),typical (narrow),,dorsifixed,,whorled,,N/A,N/A,N/A,N/A,N/A,present,glandular,
166,Malvales,Malvaceae,Heliocarpus,appendiculatus,Heliocarpus appendiculatus,Heliocarpus appendiculatus,unisexual,unisexual,superior,present,six to ten (6-10),fused (>5%),actinomorphic,whorled,two (2),pentamerous,differentiated,0,5,5,N/A,N/A,N/A,N/A,N/A,N/A,N/A,N/A,whorled,one (1),N/A,,absent,N/A,N/A
167,Malvales,Malvaceae,Heliocarpus,appendiculatus,Heliocarpus appendiculatus,Heliocarpus appendiculatus,unisexual,unisexual,N/A,present,six to ten (6-10),fused (>5%),actinomorphic,whorled,two (2),pentamerous,differentiated,0,5,5,more than ten (>10),typical (narrow),extrorse,dorsifixed,,whorled,,tetramerous,N/A,,,,absent,N/A,N/A
168,Malvales,Malvaceae,Heliocarpus,appendiculatus,Heliocarpus appendiculatus,Heliocarpus appendiculatus,unisexual,unisexual,superior,present,six to ten (6-10),fused (>5%),actinomorphic,whorled,two (2),tetramerous,differentiated,0,4,4,N/A,N/A,N/A,N/A,N/A,N/A,N/A,N/A,whorled,one (1),N/A,,absent,N/A,N/A
169,Malvales,Malvaceae,Heliocarpus,appendiculatus,Heliocarpus appendiculatus,Heliocarpus appendiculatus,unisexual,unisexual,N/A,present,six to ten (6-10),fused (>5%),actinomorphic,whorled,two (2),tetramerous,differentiated,0,4,4,more than ten (>10),typical (narrow),extrorse,dorsifixed,,whorled,,tetramerous,N/A,,,,absent,N/A,N/A
170,Malvales,Malvaceae,Heliocarpus,appendiculatus,Heteropterys intermedia,Heteropterys intermedia,bisexual,bisexual,superior,present,six to ten (6-10),fused (>5%),zygomorphic,whorled,two (2),pentamerous,differentiated,0,5,5,six to ten (6-10),typical (narrow),introrse,basifixed,longitudinal slit,whorled,two (2),pentamerous,whorled,three (3),fused (>5%),,absent,N/A,N/A
171,Malvales,Malvaceae,Luehea,speciosa,Luehea speciosa,Luehea speciosa,bisexual,bisexual,Superior,present,six to ten (6-10),free (<5%),actinomorphic,whorled,two (2),pentamerous,differentiated,0,5,5,more than ten (>10),typical (narrow),extrorse,dorsifixed,longitudinal slit,whorled,two (2),N/A,whorled,four or five (4-5),fused (>5%),three or more (>2),absent,N/A,N/A
172,Malvales,Malvaceae,Mortoniodendron,guatemalense,Mortoniodendron guatemalense,Mortoniodendron guatemalense,bisexual,bisexual,superior,present,six to ten (6-10),free (<5%),actinomorphic,whorled,two (2),pentamerous,differentiated,0,6,6,more than ten (>10),typical (narrow),,basifixed,longitudinal slit,whorled,two (2),N/A,whorled,one (1),N/A,three or more (>2),absent,N/A,N/A
173,Malvales,Malvaceae,Mortoniodendron,guatemalense,Mortoniodendron guatemalense,Mortoniodendron guatemalense,bisexual,bisexual,superior,present,six to ten (6-10),free (<5%),actinomorphic,whorled,two (2),pentamerous,differentiated,0,5,5,more than ten (>10),typical (narrow),,basifixed,longitudinal slit,whorled,two (2),N/A,whorled,one (1),N/A,three or more (>2),absent,N/A,N/A
174,Malvales,Malvaceae,Quararibea,funebris,Quararibea funebris,Quararibea funebris,bisexual,bisexual,superior,present,more than ten (>10),fused (>5%),actinomorphic,whorled,two (2),pentamerous,differentiated,0,5,5,more than ten (>10),typical (narrow),,,,whorled,one (1),N/A,whorled,two (2),fused (>5%),two (2),absent,N/A,N/A
175,Malvales,Malvaceae,Quararibea,funebris,Quararibea funebris,Quararibea funebris,bisexual,bisexual,superior,present,more than ten (>10),fused (>5%),actinomorphic,whorled,two (2),pentamerous,differentiated,0,4,5,more than ten (>10),typical (narrow),,,,whorled,one (1),N/A,whorled,two (2),fused (>5%),two (2),absent,N/A,N/A
176,Malvales,Malvaceae,Trichospermum,mexicanum,Trichospermum mexicanum,Trichospermum mexicanum,unisexual,bisexual,superior,present,one to five (1-5),free (<5%),actinomorphic,whorled,two (2),pentamerous,differentiated,0,5,5,more than ten (>10),typical (narrow),,,,,,,whorled,one (1),fused (>5%),,,,
177,Myrtales,Melastomataceae,Miconia,argentea,Miconia argentea,Miconia argentea,bisexual,bisexual,superior,present,six to ten (6-10),free (<5%),actinomorphic,whorled,two (2),pentamerous,differentiated,0,5,5,more than ten (>10),typical (narrow),introrse,basifixed,longitudinal slit,whorled,two (2),N/A,whorled,one (1),N/A,three or more (>2),absent,N/A,N/A
178,Sapindales,Meliaceae,Cedrela,odorata,Cedrela odorata,Cedrela odorata,unisexual,bisexual,superior,present,six to ten (6-10),fused (>5%),actinomorphic,whorled,two (2),pentamerous,differentiated,0,1,5,one to five (1-5),typical (narrow),introrse,dorsifixed,longitudinal slit,whorled,one (1),pentamerous,whorled,four or five (4-5),fused (>5%),three or more (>2),absent,N/A,N/A
179,Sapindales,Meliaceae,Guarea,glabra,Guarea glabra,Guarea glabra,unisexual,unisexual,superior,present,more than ten (>10),free (<5%),actinomorphic,whorled,two (2),tetramerous,differentiated,0,4,4,N/A,N/A,N/A,N/A,N/A,N/A,N/A,N/A,whorled,four or five (4-5),fused (>5%),one (1),present,glandular,intraestaminal
180,Sapindales,Meliaceae,Guarea,glabra,Guarea glabra,Guarea glabra,unisexual,unisexual,N/A,present,more than ten (>10),free (<5%),actinomorphic,whorled,two (2),tetramerous,differentiated,0,4,4,six to ten (6-10),typical (narrow),,dorsifixed,,whorled,one (1),tetramerous,N/A,N/A,N/A,N/A,present,glandular,intraestaminal
181,Sapindales,Meliaceae,Guarea,guidonia,Guarea guidonia,Guarea guidonia,unisexual,bisexual,superior,present,six to ten (6-10),free (<5%),actinomorphic,whorled,two (2),tetramerous,differentiated,0,4,4,six to ten (6-10),typical (narrow),introrse,,,whorled,one (1),tetramerous,whorled,four or five (4-5),fused (>5%),one (1),present,discoidal,intraestaminal
182,Sapindales,Meliaceae,Guarea,guidonia,Guarea guidonia,Guarea guidonia,unisexual,bisexual,superior,present,six to ten (6-10),free (<5%),actinomorphic,whorled,two (2),tetramerous,differentiated,0,5,4,six to ten (6-10),typical (narrow),introrse,,,whorled,one (1),tetramerous,whorled,four or five (4-5),fused (>5%),one (1),present,discoidal,intraestaminal
183,Rosales,Moraceae,Brosimum,alicastrum,Brosimum alicastrum,Brosimum alicastrum,unisexual,unisexual,inferior,absent,N/A,N/A,N/A,N/A,N/A,N/A,N/A,0,0,0,N/A,N/A,N/A,N/A,N/A,N/A,N/A,N/A,whorled,one (1),fused (>5%),one (1),absent,N/A,N/A
184,Rosales,Moraceae,Brosimum,alicastrum,Brosimum alicastrum,Brosimum alicastrum,unisexual,unisexual,N/A,absent,N/A,N/A,N/A,N/A,N/A,N/A,N/A,0,0,0,one to five (1-5),typical (narrow),introrse,dorsifixed,,whorled,one (1),,N/A,N/A,N/A,N/A,absent,N/A,N/A
185,Rosales,Moraceae,Castilla,elastica,Castilla elastica,Castilla elastica,unisexual,unisexual,inferior,present,one to five (1-5),fused (>5%),actinomorphic,spiral,one (1),pentamerous,undifferentiated,0,,0,N/A,N/A,N/A,N/A,N/A,N/A,N/A,N/A,spiral,one (1),fused (>5%),,absent,N/A,N/A
186,Rosales,Moraceae,Castilla,elastica,Castilla elastica,Castilla elastica,unisexual,unisexual,N/A,absent,N/A,N/A,N/A,N/A,N/A,N/A,N/A,0,0,0,one to five (1-5),typical (narrow),introrse,dorsifixed,longitudinal slit,,,trimerous,N/A,N/A,N/A,N/A,absent,N/A,N/A
187,Rosales,Moraceae,Ficus,aurea,Ficus aurea,Ficus aurea,unisexual,unisexual,superior,absent,N/A,nn,N/A,N/A,N/A,N/A,N/A,0,0,0,N/A,N/A,N/A,N/A,N/A,N/A,N/A,N/A,whorled,one (1),N/A,,absent,N/A,N/A
188,Rosales,Moraceae,Ficus,aurea,Ficus aurea,Ficus aurea,unisexual,unisexual,N/A,present,one to five (1-5),fused (>5%),actinomorphic,,,dimerous,undifferentiated,0,0,2,one to five (1-5),typical (narrow),introrse,basifixed,longitudinal slit,,,dimerous,N/A,N/A,N/A,N/A,absent,N/A,N/A
189,Rosales,Moraceae,Ficus,aurea,Ficus aurea,Ficus aurea,unisexual,unisexual,N/A,present,one to five (1-5),fused (>5%),actinomorphic,,,dimerous,undifferentiated,0,0,3,one to five (1-5),typical (narrow),introrse,basifixed,longitudinal slit,,,dimerous,N/A,N/A,N/A,N/A,absent,N/A,N/A
190,Rosales,Moraceae,Ficus,cotinifolia,Ficus cotinifolia,Ficus cotinifolia,unisexual,unisexual,,absent,N/A,N/A,N/A,N/A,N/A,N/A,N/A,0,0,0,N/A,N/A,N/A,N/A,N/A,N/A,N/A,N/A,whorled,one (1),N/A,one (1),absent,N/A,N/A
191,Rosales,Moraceae,Ficus,cotinifolia,Ficus cotinifolia,Ficus cotinifolia,unisexual,unisexual,,absent,N/A,N/A,N/A,N/A,N/A,N/A,N/A,0,0,0,one to five (1-5),N/A,N/A,,N/A,whorled,one (1),N/A,N/A,N/A,N/A,N/A,absent,N/A,N/A
192,Rosales,Moraceae,Ficus,insipida,Ficus insipida,Ficus insipida,unisexual,unisexual,inferior,present,one to five (1-5),fused (>5%),actinomorphic,whorled,one (1),tetramerous,undifferentiated,0,5,0,N/A,N/A,N/A,N/A,N/A,N/A,N/A,N/A,whorled,one (1),N/A,,absent,N/A,N/A
193,Rosales,Moraceae,Ficus,insipida,Ficus insipida,Ficus insipida,unisexual,unisexual,inferior,present,one to five (1-5),fused (>5%),actinomorphic,whorled,one (1),tetramerous,undifferentiated,0,5,0,one to five (1-5),,introrse,basifixed,longitudinal slit,whorled,,dimerous,N/A,N/A,N/A,N/A,absent,N/A,N/A
194,Rosales,Moraceae,Ficus,insipida,Ficus insipida,Ficus insipida,unisexual,unisexual,inferior,present,one to five (1-5),fused (>5%),actinomorphic,whorled,one (1),tetramerous,undifferentiated,0,4,0,N/A,N/A,N/A,N/A,N/A,N/A,N/A,N/A,whorled,one (1),N/A,,absent,N/A,N/A
195,Rosales,Moraceae,Ficus,insipida,Ficus insipida,Ficus insipida,unisexual,unisexual,inferior,present,one to five (1-5),fused (>5%),actinomorphic,whorled,one (1),tetramerous,undifferentiated,0,4,0,one to five (1-5),,introrse,basifixed,longitudinal slit,whorled,,dimerous,N/A,N/A,N/A,N/A,absent,N/A,N/A
196,Malvales,Muntingiaceae ,Muntingia,calabura,Muntingia calabura,Muntingia calabura,bisexual,bisexual,superior,present,six to ten (6-10),free (<5%),actinomorphic,whorled,two (2),pentamerous,differentiated,0,5,5,more than ten (>10),typical (narrow),,dorsifixed,longitudinal slit,whorled,one (1),N/A,whorled,four or five (4-5),fused (>5%),three or more (>2),absent,N/A,N/A
197,Myrtales,Myrtaceae,Eugenia,acapulcensis,Eugenia acapulcensis,Eugenia acapulcensis,bisexual,bisexual,inferior,present,six to ten (6-10),free (<5%),actinomorphic,whorled,two (2),tetramerous,differentiated,0,4,4,more than ten (>10),typical (narrow),,dorsifixed,longitudinal slit,whorled,one (1),N/A,whorled,two (2),fused (>5%),three or more (>2),present,discoidal,interestaminal
198,Myrtales,Myrtaceae,Eugenia,capuli,Eugenia capuli,Eugenia capuli,bisexual,bisexual,superior,present,more than ten (>10),fused (>5%),actinomorphic,whorled,two (2),tetramerous,differentiated,0,4,4,more than ten (>10),typical (narrow),,basifixed,longitudinal slit,whorled,N/A,N/A,whorled,two (2),fused (>5%),three or more (>2),present,,
199,Ericales,Pentaphylacaceae,Freziera,guatemalensis,Freziera guatemalensis,Freziera guatemalensis,bisexual,bisexual,superior,present,more than ten (>10),free (<5%),actinomorphic,whorled,more than two (>2),dimerous,differentiated,0,5,5,more than ten (>10),typical (narrow),,basifixed,,N/A,N/A,N/A,whorled,four or five (4-5),fused (>5%),,absent,N/A,N/A
200,Caryophyllales,Polygonaceae,Coccoloba,barbadensis,Coccoloba barbadensis,Coccoloba barbadensis,unisexual,bisexual,superior,present,one to five (1-5),fused (>5%),actinomorphic,whorled,one (1),pentamerous,undifferentiated,5,0,0,six to ten (6-10),typical (narrow),extrorse,dorsifixed,longitudinal slit,whorled,one (1),tetramerous,whorled,three (3),fused (>5%),,absent,N/A,N/A
201,Ericales,Primulaceae,Deherainia,smaragdina,Deherainia smaragdina,Deherainia smaragdina,bisexual,bisexual,Superior,present,six to ten (6-10),fused (>5%),actinomorphic,whorled,two (2),pentamerous,differentiated,0,5,5,one to five (1-5),typical (narrow),extrorse,basifixed,longitudinal slit,whorled,one (1),pentamerous,whorled,one (1),N/A,three or more (>2),absent,N/A,N/A
202,Gentianales,Rubiaceae,Calycophyllum,candidissimum,Freziera guatemalensis,Calycophyllum candidissimum,bisexual,bisexual,inferior,present,more than ten (>10),fused (>5%),actinomorphic,whorled,one (1),pentamerous,differentiated,0,0,4,one to five (1-5),typical (narrow),,,,whorled,one (1),pentamerous,whorled,two (2),fused (>5%),three or more (>2),absent,N/A,N/A
203,Gentianales,Rubiaceae,Calycophyllum,candidissimum,Calycophyllum candidissimum,Calycophyllum candidissimum,bisexual,bisexual,inferior,present,more than ten (>10),fused (>5%),actinomorphic,whorled,one (1),pentamerous,differentiated,0,0,5,one to five (1-5),typical (narrow),,,,whorled,one (1),pentamerous,whorled,two (2),fused (>5%),three or more (>2),absent,N/A,N/A
204,Gentianales,Rubiaceae,Genipa,americana,Genipa americana,Genipa americana,unisexual,bisexual,inferior,present,more than ten (>10),fused (>5%),actinomorphic,whorled,two (2),pentamerous,differentiated,0,,6,one to five (1-5),typical (narrow),introrse,basifixed,longitudinal slit,whorled,one (1),pentamerous,whorled,one (1),N/A,three or more (>2),absent,N/A,N/A
205,Gentianales,Rubiaceae,Genipa,americana,Genipa americana,Genipa americana,unisexual,bisexual,inferior,present,more than ten (>10),fused (>5%),actinomorphic,whorled,two (2),pentamerous,differentiated,0,,5,one to five (1-5),typical (narrow),introrse,basifixed,longitudinal slit,whorled,one (1),pentamerous,whorled,one (1),N/A,three or more (>2),absent,N/A,N/A
206,Sapindales,Rutaceae,Esenbeckia,pentaphylla,Esenbeckia pentaphylla,Esenbeckia pentaphylla,bisexual,bisexual,Superior,present,six to ten (6-10),free (<5%),actinomorphic,whorled,two (2),pentamerous,differentiated,0,5,5,one to five (1-5),typical (narrow),introrse,dorsifixed,longitudinal slit,whorled,one (1),pentamerous,whorled,four or five (4-5),fused (>5%),one (1),present,discoidal,interestaminal
207,Proteales,Sabiaceae,Meliosma,occidentalis,Meliosma occidentalis,Meliosma occidentalis,bisexual,bisexual,Superior,present,six to ten (6-10),free (<5%),actinomorphic,whorled,two (2),pentamerous,differentiated,0,5,5,one to five (1-5),laminar (wide),introrse,basifixed,H-valvate,whorled,one (1),dimerous,whorled,one (1),N/A,one (1),absent,N/A,N/A
208,Malpighiales,Salicaceae,Lunania,mexicana,Lunania mexicana,Lunania mexicana,unisexual,unisexual,Superior,present,one to five (1-5),free (<5%),actinomorphic,whorled,one (1),dimerous,undifferentiated,0,2,0,six to ten (6-10),typical (narrow),extrorse,dorsifixed,longitudinal slit,whorled,two (2),pentamerous,whorled,three (3),fused (>5%),three or more (>2),absent,N/A,N/A
209,Malpighiales,Salicaceae,Lunania,mexicana,Lunania mexicana,Lunania mexicana,unisexual,unisexual,N/A,present,one to five (1-5),free (<5%),actinomorphic,whorled,one (1),dimerous,undifferentiated,0,2,0,six to ten (6-10),typical (narrow),extrorse,dorsifixed,longitudinal slit,whorled,two (2),pentamerous,whorled,three (3),fused (>5%),N/A,absent,N/A,N/A
210,Malpighiales,Salicaceae,Lunania,mexicana,Maclura tinctoria,Maclura tinctoria,unisexual,unisexual,,present,one to five (1-5),free (<5%),actinomorphic,whorled,one (1),tetramerous,undifferentiated,0,4,4,N/A,N/A,N/A,N/A,N/A,N/A,N/A,N/A,whorled,one (1),N/A,one (1),absent,N/A,N/A
211,Malpighiales,Salicaceae,Lunania,mexicana,Maclura tinctoria,Maclura tinctoria,unisexual,unisexual,N/A,present,one to five (1-5),free (<5%),actinomorphic,whorled,one (1),tetramerous,undifferentiated,0,4,4,one to five (1-5),typical (narrow),extrorse,dorsifixed,longitudinal slit,,,tetramerous,N/A,N/A,N/A,N/A,absent,N/A,N/A
212,Sapindales,Sapindaceae,Cupania,dentata,Cupania dentata,Cupania dentata,unisexual,unisexual,superior,present,six to ten (6-10),free (<5%),actinomorphic,whorled,two (2),pentamerous,differentiated,0,5,5,N/A,N/A,N/A,N/A,N/A,N/A,N/A,N/A,whorled,three (3),fused (>5%),one (1),present,discoidal,intraestaminal
213,Sapindales,Sapindaceae,Cupania,dentata,Cupania dentata,Cupania dentata,unisexual,unisexual,N/A,present,six to ten (6-10),free (<5%),actinomorphic,whorled,two (2),pentamerous,differentiated,0,5,5,six to ten (6-10),typical (narrow),introrse,dorsifixed,longitudinal slit,whorled,one (1),,N/A,N/A,N/A,N/A,present,discoidal,intraestaminal
214,Ericales,Sapotaceae,Chrysophyllum,mexicanum,Chrysophyllum mexicanum,Chrysophyllum mexicanum,bisexual,bisexual,superior,present,six to ten (6-10),free (<5%),actinomorphic,whorled,two (2),pentamerous,differentiated,0,5,4,one to five (1-5),typical (narrow),,,,whorled,one (1),pentamerous,whorled,four or five (4-5),fused (>5%),one (1),present,glandular,intraestaminal
215,Ericales,Sapotaceae,Chrysophyllum,mexicanum,Chrysophyllum mexicanum,Chrysophyllum mexicanum,bisexual,bisexual,superior,present,six to ten (6-10),free (<5%),actinomorphic,whorled,two (2),pentamerous,differentiated,0,5,5,one to five (1-5),typical (narrow),,,,whorled,one (1),pentamerous,whorled,four or five (4-5),fused (>5%),one (1),present,glandular,intraestaminal
216,Ericales,Sapotaceae,Manilkara,zapota,Manilkara zapota,Manilkara zapota,bisexual,bisexual,Superior,present,more than ten (>10),free (<5%),actinomorphic,whorled,more than two (>2),trimerous,differentiated,0,6,6,six to ten (6-10),typical (narrow),introrse,basifixed,longitudinal slit,spiral,N/A,trimerous,whorled,more than five (>5),fused (>5%),one (1),absent,N/A,N/A
217,Ericales,Sapotaceae,Sideroxylon,portoricense,Sideroxylon portoricense,Sideroxylon portoricense,bisexual,bisexual,Superior,present,six to ten (6-10),fused (>5%),actinomorphic,whorled,two (2),pentamerous,differentiated,0,5,5,one to five (1-5),typical (narrow),,,longitudinal slit,whorled,one (1),pentamerous,whorled,four or five (4-5),fused (>5%),one (1),absent,N/A,N/A
218,Ericales,Sapotaceae,Sideroxylon,portoricense,Sideroxylon portoricense,Sideroxylon portoricense,bisexual,bisexual,Superior,present,six to ten (6-10),fused (>5%),actinomorphic,whorled,two (2),pentamerous,differentiated,0,4,5,one to five (1-5),typical (narrow),,,longitudinal slit,whorled,one (1),pentamerous,whorled,four or five (4-5),fused (>5%),one (1),absent,N/A,N/A
219,Malvales,Thymelaeaceae,Daphnopsis,americana,Daphnopsis americana,Daphnopsis americana,bisexual,bisexual,Superior,present,six to ten (6-10),fused (>5%),zygomorphic,whorled,two (2),tetramerous,differentiated,0,4,4,six to ten (6-10),typical (narrow),extrorse,basifixed,longitudinal slit,whorled,one (1),dimerous,whorled,one (1),N/A,one (1),absent,N/A,N/A
220,Rosales,Ulmaceae,Ulmus,mexicana,Ulmus mexicana,Ulmus mexicana,bisexual,bisexual,superior,present,one to five (1-5),fused (>5%),actinomorphic,whorled,one (1),tetramerous,undifferentiated,0,4,0,one to five (1-5),typical (narrow),,,,,,,whorled,two (2),fused (>5%),one (1),,,
221,Rosales,Urticaceae,Cecropia,obtusifolia,Cecropia obtusifolia,Cecropia obtusifolia,unisexual,unisexual,superior,present,one to five (1-5),fused (>5%),actinomorphic,whorled,one (1),dimerous,undifferentiated,0,2,0,N/A,N/A,N/A,N/A,N/A,N/A,N/A,,whorled,one (1),N/A,one (1),absent,N/A,N/A
222,Rosales,Urticaceae,Cecropia,obtusifolia,Cecropia obtusifolia,Cecropia obtusifolia,unisexual,unisexual,N/A,absent,N/A,N/A,N/A,N/A,N/A,N/A,N/A,0,0,0,one to five (1-5),typical (narrow),,basifixed,longitudinal slit,whorled,one (1),,N/A,N/A,N/A,N/A,absent,N/A,N/A
